body_pre,body_post,weight,source,target
36365,35405,121,12,44
33205,63420,116,5,55
39519,34057,113,17,40
33181,56564,110,4,54
39841,36540,108,18,48
36579,55976,106,13,53
34326,51122,105,8,51
32600,34189,103,3,41
35021,65671,103,9,56
35804,34849,101,11,43
33704,33907,99,6,39
31467,39158,99,2,50
38366,33462,97,16,38
30811,36252,96,1,46
30062,34479,95,0,42
37117,37000,94,14,49
38186,35836,92,15,45
35091,36533,92,10,47
34268,53065,91,7,52
91700,67916,76,23,82
108105,70528,73,29,84
94021,69911,72,24,83
103150,64123,70,28,79
89449,71700,69,22,85
84014,59797,68,20,76
130867,75099,67,36,90
118803,102927,67,34,93
84394,71700,67,72,85
82753,100829,66,19,92
50831,64903,65,61,80
46510,59797,65,59,76
110124,73568,64,30,89
86029,63139,63,21,78
113138,65868,63,31,81
102805,73406,63,27,88
100235,64903,62,25,80
47874,67916,61,60,82
114687,72226,61,33,86
119068,61492,60,35,77
81086,69911,60,70,83
80132,73406,59,69,88
554352,102927,57,75,93
88452,65868,57,73,81
113168,107238,56,32,94
45857,73568,55,57,89
51740,100829,54,62,92
45965,61492,54,58,77
52617,70528,54,64,84
54416,107238,53,66,94
68773,64123,51,68,79
93940,75099,49,74,90
53586,75234,48,65,91
52496,72226,48,63,86
82598,72364,46,71,87
57363,63139,44,67,78
35804,532850,44,11,195
101292,72364,43,26,87
35405,90049,42,44,135
155884,75234,42,37,91
65671,104683,42,56,122
65671,95364,42,56,151
34189,89290,42,41,150
35836,91806,42,45,99
35836,101043,42,45,141
34479,92939,42,42,113
33462,108307,41,38,127
51122,83979,41,51,96
37000,94624,41,49,106
35836,87424,40,45,149
34849,92114,40,43,137
63420,93972,40,55,104
33907,110646,39,39,129
36540,107170,39,48,125
33462,85126,38,38,97
33462,97872,38,38,155
51122,98788,38,51,157
34479,103022,38,42,111
103150,34479,38,28,42
34189,95005,38,41,107
53065,103479,38,52,146
33907,102791,38,39,145
36533,102519,38,47,110
33704,76524,37,6,176
100235,51122,37,25,51
30811,118924,37,1,185
33907,98381,37,39,156
39158,98118,37,50,138
34057,95883,37,40,108
34479,89434,37,42,134
35405,97249,36,44,154
33462,98985,36,38,139
34479,92706,35,42,100
34479,112321,35,42,166
53065,103639,35,52,162
35021,132834,35,9,192
34057,98099,35,40,115
65671,86686,35,56,132
55976,99628,35,53,116
55976,102462,34,53,143
36365,85937,34,12,180
36540,102741,34,48,144
36540,111980,34,48,165
33181,122308,34,4,186
37000,91283,34,49,136
34189,104257,34,41,121
63420,103654,34,55,120
56564,97171,34,54,153
36533,106922,34,47,148
36533,99863,34,47,159
36252,95458,33,46,152
36252,118924,33,46,185
36252,100867,33,46,117
53065,116716,33,52,131
37000,106793,33,49,164
37000,114391,33,49,168
37000,101383,33,49,118
65671,102016,33,56,109
34057,99922,33,40,140
35836,105718,33,45,123
59797,46510,32,76,59
33907,94305,32,39,105
34849,99423,32,43,158
69911,81086,32,83,70
82753,33907,32,19,39
35405,101873,32,44,119
39841,127615,32,18,189
56564,79271,32,54,95
63420,101480,32,55,142
35804,74373,31,11,174
39158,107719,31,50,126
38366,85937,31,16,180
56564,88625,31,54,133
56564,33181,31,54,4
33704,79257,31,6,179
51122,109142,31,51,128
37000,37117,31,49,14
100829,51740,30,92,62
63139,57363,30,78,67
36533,112179,30,47,130
34326,118924,30,8,185
36252,30811,30,46,1
53065,90465,30,52,98
34189,32600,30,41,3
39158,112775,30,50,167
31467,132834,29,2,192
30062,61659,29,0,169
35091,125171,29,10,188
51122,34326,29,51,8
34849,532850,29,43,195
36540,127615,29,48,189
55976,92842,29,53,101
37117,89367,29,14,184
36365,131823,28,12,190
34268,88337,28,7,182
72364,82598,28,87,71
63420,100567,28,55,160
39841,78561,28,18,178
36579,74373,28,13,174
56564,95822,28,54,114
33205,123514,27,5,187
39158,104191,27,50,112
33907,105698,27,39,147
56564,122308,27,54,186
61492,45965,27,77,58
114687,33462,27,33,38
34057,100680,27,40,161
35836,84394,27,45,72
64123,68773,27,79,68
34849,92842,27,43,101
34189,57363,27,41,67
36252,92706,27,46,100
30811,76524,27,1,176
34326,73828,27,8,173
31467,143741,26,2,194
33181,61659,26,4,169
36579,78422,26,13,177
32600,122308,26,3,186
113168,36533,26,32,47
51122,118924,26,51,185
35021,78561,26,9,178
53065,34268,26,52,7
34849,106952,26,43,124
34849,93566,26,43,103
34189,91806,26,41,99
108105,53065,25,29,52
36540,85126,25,48,97
36540,93940,25,48,74
65671,35021,25,56,9
35405,36365,25,44,12
34479,30062,25,42,0
36540,78561,25,48,178
36540,39841,25,48,18
34057,39519,25,40,17
107238,54416,25,94,66
38186,88035,25,15,181
86029,34189,25,21,41
56564,61659,25,54,169
89449,35836,25,22,45
110124,34849,25,30,43
35405,92996,24,44,102
34849,35804,24,43,11
34189,98381,24,41,156
73406,80132,24,88,69
37117,88951,24,14,183
37000,88951,24,49,183
39158,125171,24,50,188
55976,105574,23,53,163
56564,94305,23,54,105
56564,46510,23,54,59
35021,136741,23,9,193
35836,114391,23,45,168
30062,75484,23,0,175
36252,88625,23,46,133
101292,37000,23,26,49
39519,69597,23,17,171
35405,88452,23,44,73
38186,79257,23,15,179
35405,136741,23,44,193
38186,73586,22,15,172
36365,136741,22,12,193
34057,73828,22,40,173
33907,76524,22,39,176
33907,94624,22,39,106
39519,73828,22,17,173
55976,36579,22,53,13
37117,88035,22,14,181
75234,114391,22,91,168
34479,75484,22,42,175
32600,73586,22,3,172
33704,88951,22,6,183
36252,92996,22,46,102
84014,56564,22,20,54
34268,73828,21,7,173
34268,118924,21,7,185
38366,532850,21,16,195
113138,35405,21,31,44
35021,125171,21,9,188
67916,90465,21,82,98
37000,104191,21,49,112
72226,52496,21,86,63
33462,85937,21,38,180
73568,45857,21,89,57
39841,132339,21,18,191
130867,36540,21,36,48
33205,88035,21,5,181
51122,73828,21,51,173
30811,131823,21,1,190
75234,103654,21,91,120
75234,53586,21,91,65
63420,33205,21,55,5
36533,35091,21,47,10
63139,97171,21,78,153
65671,102519,21,56,110
35091,132339,20,10,191
72226,102741,20,86,144
64903,50831,20,80,61
75099,97872,20,90,155
51122,99922,20,51,140
73568,98985,20,89,139
37000,82598,20,49,71
119068,34057,20,35,40
71700,89290,20,85,150
71700,84394,20,85,72
31467,125171,20,2,188
35836,38186,20,45,15
56564,89434,19,54,134
56564,59797,19,54,76
33181,76524,19,4,176
39158,31467,19,50,2
39158,132834,19,50,192
33907,79257,19,39,179
75099,104683,19,90,122
75099,106922,19,90,148
36533,125171,19,47,188
34479,68773,19,42,68
91700,36252,19,23,46
63139,102791,19,78,145
69911,104191,19,83,112
118803,55976,19,34,53
36540,75099,19,48,90
102927,99423,19,93,158
35405,85937,19,44,180
155884,39158,19,37,50
33462,105574,19,38,163
33462,38366,19,38,16
30062,66325,19,0,170
34849,74373,19,43,174
34849,69597,19,43,171
38186,123514,19,15,187
30811,66325,19,1,170
35836,102791,19,45,145
33704,131823,18,6,190
36533,98118,18,47,138
36533,132339,18,47,191
36533,104683,18,47,122
51122,50831,18,51,61
34479,66325,18,42,170
33462,52496,18,38,63
34189,105698,18,41,147
34189,122308,18,41,186
36252,66325,18,46,170
65671,78561,18,56,178
65671,132834,18,56,192
35405,102016,18,44,109
34268,532850,18,7,195
61492,92114,18,77,137
72226,86686,18,86,132
72226,92842,18,86,101
33907,33704,18,39,6
64903,92939,18,80,113
72364,103654,18,87,120
35804,69597,18,11,171
38366,136741,18,16,193
65868,88452,18,81,73
36365,89367,18,12,184
64123,88625,17,79,133
36365,88337,17,12,182
100829,101043,17,92,141
37117,143741,17,14,194
55976,78422,17,53,177
55976,98985,17,53,139
35836,104257,17,45,121
56564,76524,17,54,176
64903,103479,17,80,146
102805,65671,17,27,56
33462,92114,17,38,137
33462,78561,17,38,178
73406,85126,17,88,97
37000,89367,17,49,184
65868,86686,17,81,132
65868,98381,17,81,156
65671,106793,17,56,164
34189,79257,17,41,179
36540,78422,17,48,177
66325,103022,17,170,111
67916,47874,17,82,60
36579,127615,17,13,189
59797,92706,17,76,100
64903,100867,16,80,117
32600,76524,16,3,176
34057,93566,16,40,103
35836,88035,16,45,181
35836,79257,16,45,179
39841,78422,16,18,177
70528,100867,16,84,117
65868,85126,16,81,97
38366,78422,16,16,177
34189,73586,16,41,172
35405,89367,16,44,184
53065,532850,16,52,195
34479,98788,16,42,157
36252,47874,16,46,60
36533,54416,16,47,66
75099,93940,16,90,74
71700,94624,16,85,106
51122,90465,15,51,98
34479,61659,15,42,169
35836,103654,15,45,120
35836,123514,15,45,187
38366,78561,15,16,178
74373,92842,15,174,101
32600,79257,15,3,179
37000,94305,15,49,105
37000,88035,15,49,181
37000,132834,15,49,192
65671,91283,15,56,136
88337,90465,15,182,98
33462,136741,15,38,193
78561,107170,15,178,125
69911,98118,15,83,138
69911,114391,15,83,168
100829,92996,15,92,102
34057,69597,15,40,171
35405,131823,15,44,190
35405,100867,15,44,117
36252,76524,15,46,176
36252,98381,15,46,156
73568,108307,15,89,127
34189,76524,15,41,176
73568,103639,15,89,162
63420,91283,15,55,136
39158,53586,15,50,65
64123,83979,15,79,96
33907,88951,15,39,183
33907,131823,15,39,190
33205,143741,15,5,194
102927,554352,14,93,75
132834,86686,14,192,132
34189,63139,14,41,78
67916,90049,14,82,135
33462,532850,14,38,195
33462,78422,14,38,177
35405,65868,14,44,81
65671,125171,14,56,188
65671,136741,14,56,193
53065,88337,14,52,182
81086,101043,14,70,141
53065,52617,14,52,64
107238,107719,14,94,126
36533,107238,14,47,94
70528,98788,14,84,157
122308,97171,14,186,153
34326,66325,14,8,170
38186,88951,14,15,183
36252,92939,14,46,113
30811,61659,14,1,169
63420,88035,14,55,181
73406,97872,14,88,155
55976,102927,14,53,93
55976,554352,14,53,75
75099,107719,14,90,126
66325,89434,14,170,134
88337,103639,14,182,162
132339,106922,14,191,148
35836,73586,14,45,172
34057,106952,14,40,124
34057,45965,14,40,58
532850,92114,14,195,137
33907,95822,14,39,114
64903,95883,14,80,108
39158,86686,14,50,132
84394,100567,13,72,160
68773,95458,13,68,152
65868,95458,13,81,152
75099,95364,13,90,151
65868,110646,13,81,129
75234,102519,13,91,110
46510,92939,13,59,113
39158,101383,13,50,118
80132,107170,13,69,125
33907,100829,13,39,92
33907,51740,13,39,62
107238,106793,13,94,164
70528,52617,13,84,64
70528,110646,13,84,129
63420,69911,13,55,83
63420,123514,13,55,187
34849,45857,13,43,57
76524,98381,13,176,156
76524,92706,13,176,100
65671,80132,13,56,69
102927,102741,13,93,144
131823,92996,13,190,102
35405,88337,13,44,182
100829,104257,13,92,121
36540,132339,13,48,191
53065,73828,13,52,173
34479,64123,13,42,79
73828,100680,13,173,161
37000,90049,13,49,135
88035,105718,13,181,123
88035,94624,13,181,106
35836,93972,13,45,104
63420,81086,12,55,70
63420,143741,12,55,194
33181,66325,12,4,170
39158,143741,12,50,194
132834,104191,12,192,112
132834,95364,12,192,151
39158,75234,12,50,91
72364,101480,12,87,142
125171,102519,12,188,110
125171,112179,12,188,130
37000,143741,12,49,194
37000,107719,12,49,126
75484,103022,12,175,111
72226,101873,12,86,119
72226,97249,12,86,154
36252,131823,12,46,190
73568,116716,12,89,131
55976,127615,12,53,189
55976,74373,12,53,174
131823,97249,12,190,154
123514,93972,12,187,104
46510,100867,12,59,117
105698,102791,12,147,145
94021,63420,12,24,55
66325,100867,12,170,117
66325,98788,12,170,157
51740,91806,12,62,99
85937,38366,12,180,16
85937,92114,12,180,137
88035,101043,12,181,141
53065,70528,12,52,84
88337,101873,12,182,119
34849,98099,12,43,115
65671,73406,12,56,88
88035,91283,11,181,136
88035,106793,11,181,164
33462,93566,11,38,103
88951,94624,11,183,106
125171,102741,11,188,144
56564,79257,11,54,179
75099,105574,11,90,163
75234,106793,11,91,164
35021,85937,11,9,180
75484,92939,11,175,113
69911,94624,11,83,106
65671,92996,11,56,102
78422,98985,11,177,139
78422,92842,11,177,101
78422,105574,11,177,163
136741,102016,11,193,109
76524,95822,11,176,114
76524,88625,11,176,133
132339,102741,11,191,144
108307,104683,11,127,122
33907,104257,11,39,121
33907,97249,11,39,154
47874,89434,11,60,134
36540,86686,11,48,132
36540,102462,11,48,143
73406,102741,11,88,144
66325,92706,11,170,100
532850,103479,11,195,146
532850,106952,11,195,124
532850,93566,11,195,103
63139,92706,11,78,100
51122,66325,11,51,170
51122,64903,11,51,80
131823,100867,11,190,117
79257,105698,11,179,147
79271,92706,11,95,100
70528,95458,11,84,152
37117,79257,11,14,179
122308,95822,11,186,114
122308,79271,11,186,95
85937,85126,11,180,97
100829,90465,11,92,98
100829,105718,11,92,123
102927,107170,11,93,125
118924,90465,11,185,98
36252,103022,11,46,111
84394,105698,10,72,147
102016,85126,10,109,97
66325,95458,10,170,152
92114,98985,10,137,139
98381,95458,10,156,152
39158,100567,10,50,160
107238,95364,10,94,151
102927,108307,10,93,127
143741,106793,10,194,164
73406,101383,10,88,118
37000,102791,10,49,145
37000,105718,10,49,123
51122,75484,10,51,175
51122,89434,10,51,134
51122,95458,10,51,152
37000,72364,10,49,87
54416,86686,10,66,132
34326,75484,10,8,175
132834,104683,10,192,122
65671,101873,10,56,119
65671,98985,10,56,139
78561,102462,10,178,143
132339,111980,10,191,165
136741,104683,10,193,122
136741,86686,10,193,132
95458,98788,10,152,157
34849,98985,10,43,139
85126,92842,10,97,101
35405,92706,10,44,100
68773,109142,10,68,128
110646,104257,10,129,121
122308,88625,10,186,133
92939,95822,10,113,114
70528,92114,10,84,137
72364,102016,10,87,109
79271,94305,10,95,105
34057,99423,10,40,158
34268,85937,10,7,180
125171,104683,10,188,122
125171,95364,10,188,151
52617,106952,10,64,124
56564,66325,10,54,170
35836,88951,10,45,183
83979,95883,10,96,108
73828,99922,10,173,140
37117,132834,10,14,192
99922,103479,10,140,146
100867,110646,10,117,129
75234,143741,10,91,194
75234,106922,10,91,148
89367,97249,10,184,154
89367,101873,10,184,119
89434,88625,10,134,133
63420,105718,10,55,123
104191,102519,10,112,110
82598,101873,10,71,119
82598,93972,10,71,104
88951,37117,10,183,14
75099,106793,10,90,164
52496,111980,10,63,165
45857,105574,10,57,163
53065,109142,10,52,128
53065,118924,10,52,185
33704,89367,10,6,184
33462,72226,10,38,86
33462,116716,10,38,131
33462,88337,10,38,182
127615,99628,10,189,116
51740,100867,10,62,117
51740,88625,10,62,133
88035,114391,10,181,168
88035,103654,10,181,120
51740,106793,10,62,164
143741,101383,9,194,118
76524,110646,9,176,129
76524,100867,9,176,117
52496,103479,9,63,146
52496,99628,9,63,116
554352,92114,9,75,137
100829,97171,9,92,153
100829,95458,9,92,152
72364,98118,9,87,138
46510,98381,9,59,156
88035,101383,9,181,118
54416,107170,9,66,125
33462,90049,9,38,135
33462,107170,9,38,125
136741,97872,9,193,155
65868,91283,9,81,136
106793,95364,9,164,151
67916,95822,9,82,114
67916,105698,9,82,147
52617,99922,9,64,140
52617,92996,9,64,102
52617,97872,9,64,155
78561,108307,9,178,127
65671,132339,9,56,191
35836,71700,9,45,85
132834,91283,9,192,136
59797,103022,9,76,111
59797,83979,9,76,96
69911,123514,9,83,187
85937,97872,9,180,155
78422,97872,9,177,155
78422,108307,9,177,127
103639,95458,9,162,152
35405,97872,9,44,155
34849,73568,9,43,89
69597,106952,9,171,124
73406,97249,9,88,154
51122,112321,9,51,166
123514,101043,9,187,141
73828,109142,9,173,128
37000,110646,9,49,129
63139,101043,9,78,141
63139,94305,9,78,105
99628,107170,9,116,125
36252,105698,9,46,147
36252,88337,9,46,182
36252,103479,9,46,146
47874,97249,9,60,154
101383,107719,9,118,126
36252,67916,9,46,82
118924,109142,9,185,128
118924,73828,9,185,173
84394,101383,9,72,118
51740,101873,9,62,119
53586,104683,9,65,122
114391,97249,9,168,154
73568,100680,9,89,161
91283,101480,9,136,142
92996,90465,9,102,98
72226,102462,9,86,143
72226,104683,9,86,122
72226,103639,9,86,162
34479,100867,9,42,117
122308,33181,9,186,4
45965,83979,9,58,96
74373,106952,9,174,124
33907,114391,9,39,168
33907,89367,9,39,184
61492,103479,8,77,146
106952,108307,8,124,127
102462,102741,8,143,144
45965,99423,8,58,158
47874,79271,8,60,95
101383,105718,8,118,123
143741,107719,8,194,126
30811,88337,8,1,182
34479,95822,8,42,114
34479,95458,8,42,152
76524,94305,8,176,105
76524,95458,8,176,152
37000,100567,8,49,160
37000,91806,8,49,99
76524,33704,8,176,6
136741,98985,8,193,139
136741,95364,8,193,151
102741,106922,8,144,148
554352,85126,8,75,97
74373,92114,8,174,137
74373,36579,8,174,13
532850,35804,8,195,11
34849,78422,8,43,177
66325,112321,8,170,166
66325,109142,8,170,128
75234,102016,8,91,109
100829,92706,8,92,100
100867,95822,8,117,114
98985,102462,8,139,143
81086,107719,8,70,126
90465,93566,8,98,103
90465,95883,8,98,108
71700,91283,8,85,136
71700,94305,8,85,105
112179,107719,8,130,126
118924,99922,8,185,140
118924,34326,8,185,8
84394,110646,8,72,129
50831,98099,8,61,115
33907,66325,8,39,170
33907,87424,8,39,149
112775,95364,8,167,151
36533,78561,8,47,178
36533,102016,8,47,109
36533,102741,8,47,144
53586,93972,8,65,104
36540,99863,8,48,159
36540,108307,8,48,127
91806,94624,8,99,106
35836,105698,8,45,147
125171,99863,8,188,159
125171,98118,8,188,138
125171,112775,8,188,167
82598,102791,8,71,145
88951,94305,8,183,105
88951,79257,8,183,179
88035,94305,8,181,105
88035,33205,8,181,5
88035,88951,8,181,183
88452,116716,8,73,131
55976,93566,8,53,103
88337,90049,8,182,135
88337,103479,8,182,146
36252,98788,8,46,157
63420,107719,8,55,126
69597,93566,8,171,103
89367,101383,8,184,118
89367,92996,8,184,102
78422,93566,8,177,103
78422,102462,8,177,143
35405,102791,8,44,145
85937,116716,8,180,131
132834,101383,8,192,118
109142,100867,8,128,117
78561,102741,8,178,144
78561,86686,8,178,132
64123,95822,8,79,114
107719,103654,8,126,120
54416,104191,8,66,112
65868,103639,8,81,162
80132,90049,8,69,135
80132,104191,8,69,112
39158,91283,8,50,136
93940,102519,8,74,110
131823,118924,8,190,185
131823,101873,8,190,119
131823,110646,8,190,129
34057,61492,8,40,77
34057,532850,8,40,195
79257,33907,8,179,39
79257,98381,8,179,156
72364,97249,8,87,154
73828,95883,7,173,108
73828,98788,7,173,157
73828,39519,7,173,17
36252,110646,7,46,129
37117,131823,7,14,190
72364,86686,7,87,132
72364,132834,7,87,192
33907,101383,7,39,118
33907,79271,7,39,95
33907,95458,7,39,152
33907,89290,7,39,150
33907,88625,7,39,133
33907,88035,7,39,181
68773,79271,7,68,95
72226,99423,7,86,158
65671,111980,7,56,165
65671,112179,7,56,130
65671,112775,7,56,167
65671,108307,7,56,127
35405,94624,7,44,106
34189,87424,7,41,149
34189,110646,7,41,129
73586,104257,7,172,121
73586,105698,7,172,147
73586,95005,7,172,107
73586,89290,7,172,150
64903,95822,7,80,114
33462,111980,7,38,165
35836,91283,7,45,136
37000,131823,7,49,190
36533,104191,7,47,112
36533,112775,7,47,167
36540,112179,7,48,130
73406,125171,7,88,188
66325,118924,7,170,185
66325,92939,7,170,113
532850,74373,7,195,174
71700,87424,7,85,149
53065,100680,7,52,161
53065,99922,7,52,140
53065,99423,7,52,158
88035,37117,7,181,14
88035,89367,7,181,184
88035,93972,7,181,104
53065,92114,7,52,137
53065,85937,7,52,180
118924,95458,7,185,152
51740,88951,7,62,183
88337,109142,7,182,128
116716,100867,7,131,117
89367,114391,7,184,168
89290,97171,7,150,153
52496,92114,7,63,137
88951,114391,7,183,168
88951,90049,7,183,135
88951,102791,7,183,145
88951,105718,7,183,123
88951,110646,7,183,129
125171,132834,7,188,192
125171,35091,7,188,10
56564,95458,7,54,152
56564,100867,7,54,117
54416,125171,7,66,188
123514,33205,7,187,5
123514,105718,7,187,123
123514,103654,7,187,120
122308,89434,7,186,134
47874,109142,7,60,128
106793,97249,7,164,154
45965,90465,7,58,98
102927,105574,7,93,163
100829,90049,7,92,135
101873,100867,7,119,117
101873,110646,7,119,129
101480,98118,7,142,138
103639,98788,7,162,157
99922,64903,7,140,80
92706,92996,7,100,102
111980,97872,7,165,155
50831,103639,7,61,162
50831,92706,7,61,100
112179,104683,7,130,122
91806,94305,7,99,105
95364,97872,7,151,155
93972,94624,7,104,106
75099,132339,7,90,191
39158,94624,7,50,106
39158,101480,7,50,142
76524,61659,7,176,169
76524,105698,7,176,147
80132,108307,7,69,127
78561,111980,7,178,165
78561,105574,7,178,163
78561,85126,7,178,97
132339,107170,7,191,125
132339,39841,7,191,18
132834,31467,7,192,2
132834,102519,7,192,110
131823,102791,7,190,145
131823,92706,7,190,100
131823,103479,7,190,146
79271,103022,7,95,111
79257,104257,7,179,121
79257,33704,7,179,6
74373,99628,7,174,116
74373,532850,7,174,195
61659,112321,7,169,166
61659,97171,7,169,153
61659,95822,7,169,114
61659,89434,7,169,134
143741,31467,7,194,2
143741,86686,7,194,132
143741,91283,7,194,136
57363,95822,7,67,114
57363,110646,7,67,129
57363,114391,7,67,168
95005,63139,6,107,78
34189,88625,6,41,133
95364,106793,6,151,164
93940,98985,6,74,139
136741,85126,6,193,97
136741,116716,6,193,131
136741,78561,6,193,178
34057,103639,6,40,162
99863,106793,6,159,164
104191,102016,6,112,109
73828,103479,6,173,146
102519,85126,6,110,97
102741,75099,6,144,90
102791,101043,6,145,141
102791,90049,6,145,135
143741,132834,6,194,192
143741,100567,6,194,160
34849,88337,6,43,182
100567,106793,6,160,164
100567,114391,6,160,168
101043,91283,6,141,136
102927,127615,6,93,189
100867,92939,6,117,113
74373,98985,6,174,139
74373,69597,6,174,171
74373,35804,6,174,11
100829,91283,6,92,136
100829,89290,6,92,150
107238,112775,6,94,167
67916,102791,6,82,145
67916,110646,6,82,129
106952,98099,6,124,115
34268,131823,6,7,190
75234,100567,6,91,160
75234,95364,6,91,151
75234,98118,6,91,138
98099,61492,6,115,77
98788,112321,6,157,166
73586,91806,6,172,99
73586,105718,6,172,123
73568,102462,6,89,143
80132,99863,6,69,159
80132,94624,6,69,106
85937,108307,6,180,127
85937,90049,6,180,135
85937,101873,6,180,119
85937,88337,6,180,182
70528,90049,6,84,135
70528,95883,6,84,108
82598,91806,6,71,99
82598,104683,6,71,122
81086,101383,6,70,118
127615,102462,6,189,143
127615,107170,6,189,125
69597,73828,6,171,173
89290,98381,6,150,156
89367,132834,6,184,192
89367,90049,6,184,135
91283,86686,6,136,132
132339,99863,6,191,159
132339,112179,6,191,130
86686,102741,6,132,144
131823,88951,6,190,183
131823,85937,6,190,180
131823,103639,6,190,162
79257,38186,6,179,15
79257,79271,6,179,95
79257,102791,6,179,145
79257,110646,6,179,129
79257,94305,6,179,105
79257,73586,6,179,172
79257,89290,6,179,150
118924,100867,6,185,117
118924,98788,6,185,157
88625,105698,6,133,147
78422,106952,6,177,124
78422,85126,6,177,97
88951,104257,6,183,121
88951,88035,6,183,181
88951,98381,6,183,156
33462,95364,6,38,151
88035,87424,6,181,149
132834,143741,6,192,194
132834,106793,6,192,164
132834,102016,6,192,109
88452,95364,6,73,151
88337,97249,6,182,154
78561,125171,6,178,188
53065,131823,6,52,190
53065,95458,6,52,152
53586,91283,6,65,136
52496,92996,6,63,102
52496,106952,6,63,124
64123,95883,6,79,108
36252,109142,6,46,128
36252,103639,6,46,162
36365,132834,6,12,192
35836,100567,6,45,160
35836,94624,6,45,106
64903,99922,6,80,140
64903,112321,6,80,166
35804,73828,6,11,173
51122,100680,6,51,161
51122,98099,6,51,115
61659,92939,6,169,113
61492,116716,6,77,131
38186,84394,6,15,72
59797,105698,6,76,147
56564,104257,6,54,121
36579,78561,6,13,178
36540,99628,6,48,116
36540,106922,6,48,148
532850,99423,6,195,158
532850,103639,6,195,162
532850,98099,6,195,115
37000,101043,6,49,141
39158,93972,6,50,104
45857,90465,6,57,98
66325,30811,6,170,1
46510,95005,6,59,107
66325,83979,6,170,96
35405,95364,6,44,151
35405,104683,6,44,122
65671,85937,6,56,180
65671,107170,6,56,125
65868,90465,6,81,98
65868,105718,6,81,123
47874,116716,6,60,131
127615,39841,5,189,18
127615,102741,5,189,144
127615,92842,5,189,101
99628,102927,5,116,93
39158,102519,5,50,110
80132,112775,5,69,167
99863,111980,5,159,165
57363,87424,5,67,149
98985,86686,5,139,132
55976,78561,5,53,178
55976,92114,5,53,137
55976,106952,5,53,124
123514,100567,5,187,160
83979,64903,5,96,80
56564,95005,5,54,107
56564,98381,5,54,156
99423,103639,5,158,162
82598,89367,5,71,184
82598,90049,5,71,135
125171,136741,5,188,193
125171,102016,5,188,109
136741,35021,5,193,9
136741,102519,5,193,110
76524,97171,5,176,153
76524,131823,5,176,190
76524,33181,5,176,4
76524,66325,5,176,170
102519,73406,5,110,88
59797,102791,5,76,145
102805,107238,5,27,94
101292,65671,5,26,56
102791,100829,5,145,92
75484,109142,5,175,128
75484,30062,5,175,0
46510,122308,5,59,186
103479,90049,5,146,135
79257,105718,5,179,123
79257,87424,5,179,149
131823,36365,5,190,12
131823,35405,5,190,44
131823,36252,5,190,46
45857,85126,5,57,97
45857,74373,5,57,174
132339,104683,5,191,122
132339,95364,5,191,151
103022,92706,5,111,100
103022,83979,5,111,96
103022,64123,5,111,79
38366,88337,5,16,182
102927,74373,5,93,174
102927,97872,5,93,155
78561,39841,5,178,18
78561,132339,5,178,191
78561,136741,5,178,193
78561,97872,5,178,155
78422,127615,5,177,189
78422,36579,5,177,13
78422,39841,5,177,18
132834,112179,5,192,130
50831,103022,5,61,111
111980,105574,5,165,163
111980,95364,5,165,151
51122,95883,5,51,108
51122,92706,5,51,100
51122,103022,5,51,111
51122,100867,5,51,117
106952,116716,5,124,131
51740,95005,5,62,107
114391,87424,5,168,149
94305,92996,5,105,102
93972,91806,5,104,99
93972,104191,5,104,112
93972,69911,5,104,83
95364,114391,5,151,168
109142,92939,5,128,113
92939,100867,5,113,117
92996,102016,5,102,109
92996,65868,5,102,81
92706,90465,5,100,98
92706,83979,5,100,96
95883,93566,5,108,103
95883,90465,5,108,98
85937,98985,5,180,139
85937,532850,5,180,195
105574,99423,5,163,158
105574,97872,5,163,155
97872,99423,5,155,158
97872,97249,5,155,154
122308,56564,5,186,54
47874,94305,5,60,105
85126,75099,5,97,90
98381,89290,5,156,150
88452,108307,5,73,127
88452,94624,5,73,106
116716,70528,5,131,84
88625,89434,5,133,134
97249,95458,5,154,152
88035,38186,5,181,15
88337,99423,5,182,158
88337,116716,5,182,131
88337,85937,5,182,180
89367,37117,5,184,14
89367,131823,5,184,190
89367,88951,5,184,183
89367,97872,5,184,155
52496,102016,5,63,109
88951,131823,5,183,190
88951,97249,5,183,154
88951,89367,5,183,184
88951,33704,5,183,6
53586,112179,5,65,130
86686,98118,5,132,138
118924,34268,5,185,7
118924,30811,5,185,1
53065,93566,5,52,103
53065,97249,5,52,154
53065,83979,5,52,96
554352,127615,5,75,189
35836,94305,5,45,105
35836,110646,5,45,129
72364,114391,5,87,168
72364,105718,5,87,123
72364,91283,5,87,136
143741,112775,5,194,167
143741,102016,5,194,109
143741,125171,5,194,188
35405,106793,5,44,164
35405,101383,5,44,118
35405,116716,5,44,131
35405,110646,5,44,129
69911,101480,5,83,142
73586,38186,5,172,15
73586,87424,5,172,149
73568,74373,5,89,174
34189,95822,5,41,114
34189,105718,5,41,123
65671,101383,5,56,118
65671,104191,5,56,112
65671,90049,5,56,135
33462,106952,5,38,124
72226,33462,5,86,38
61492,109142,5,77,128
61492,98788,5,77,157
73406,98118,5,88,138
73406,114391,5,88,168
532850,85937,5,195,180
532850,73828,5,195,173
37000,79257,5,49,179
37000,103654,5,49,120
67916,104257,5,82,121
67916,98788,5,82,157
67916,112321,5,82,166
61659,79271,5,169,95
61659,103022,5,169,111
61659,30062,5,169,0
36365,88951,5,12,183
71700,88035,5,85,181
71700,102016,5,85,109
74373,78422,5,174,177
34479,109142,5,42,128
36540,95364,5,48,151
65868,100867,5,81,117
65868,95822,5,81,114
75099,127615,5,90,189
75099,92842,5,90,101
73828,116716,5,173,131
73828,118924,5,173,185
73828,93566,5,173,103
73828,98099,5,173,115
35804,78422,5,11,177
34849,108307,5,43,127
33181,79257,5,4,179
75234,105718,5,91,123
36252,97171,5,46,153
36252,94305,5,46,105
36252,95822,5,46,114
70528,93566,5,84,103
112179,107238,4,130,94
112775,114391,4,167,168
69597,39519,4,171,17
69597,35804,4,171,11
69597,100680,4,171,161
92996,85126,4,102,97
93566,73568,4,103,89
110646,105718,4,129,123
50831,66325,4,61,170
33704,122308,4,6,186
92842,102927,4,101,93
70528,73828,4,84,173
70528,102791,4,84,145
88951,101043,4,183,141
89367,36365,4,184,12
89367,104191,4,184,112
89367,104683,4,184,122
89367,94624,4,184,106
89434,99922,4,134,140
88337,92114,4,182,137
88337,36365,4,182,12
88337,131823,4,182,190
64123,99922,4,79,140
53065,108307,4,52,127
53065,92996,4,52,102
53065,92706,4,52,100
53065,95883,4,52,108
53065,98099,4,52,115
88035,37000,4,181,49
88035,100567,4,181,160
88035,143741,4,181,194
88035,90049,4,181,135
88625,83979,4,133,96
52617,92706,4,64,100
52617,98099,4,64,115
88452,103479,4,73,146
88452,97872,4,73,155
35836,95005,4,45,107
69911,87424,4,83,149
90049,86686,4,135,132
90049,65868,4,135,81
90049,98985,4,135,139
90465,83979,4,98,96
90465,70528,4,98,84
51740,114391,4,62,168
33462,86686,4,38,132
33462,102016,4,38,109
33462,99423,4,38,158
33462,101873,4,38,119
104683,107719,4,122,126
104683,101873,4,122,119
98985,102741,4,139,144
104257,105718,4,121,123
99628,108307,4,116,127
35091,78561,4,10,178
99863,95364,4,159,151
66325,34326,4,170,8
66325,79257,4,170,179
66325,76524,4,170,176
98118,75234,4,138,91
98118,106922,4,138,148
98099,109142,4,115,128
67916,95883,4,82,108
67916,83979,4,82,96
67916,118924,4,82,185
67916,97171,4,82,153
47874,118924,4,60,185
34479,79271,4,42,95
98381,97171,4,156,153
102805,36540,4,27,48
101480,69911,4,142,83
101383,103654,4,118,120
101383,72364,4,118,87
101043,71700,4,141,85
102927,104683,4,93,122
102927,93566,4,93,103
101873,101383,4,119,118
34849,99922,4,43,140
34849,97872,4,43,155
34849,73828,4,43,173
102016,65868,4,109,81
46510,61659,4,59,169
103654,107719,4,120,126
100680,98788,4,161,157
100829,88951,4,92,183
100829,98381,4,92,156
103479,92114,4,146,137
103479,70528,4,146,84
35021,132339,4,9,191
34057,103479,4,40,146
34057,83979,4,40,96
95005,94305,4,107,105
95005,91806,4,107,99
95458,97171,4,152,153
108307,101873,4,127,119
108307,116716,4,127,131
94021,81086,4,24,70
93940,102016,4,74,109
33907,105718,4,39,123
33907,91806,4,39,99
33907,92706,4,39,100
33907,101873,4,39,119
94624,104191,4,106,112
94624,72364,4,106,87
94305,72364,4,105,87
94305,92706,4,105,100
94305,104191,4,105,112
65868,85937,4,81,180
65868,93566,4,81,103
65868,98985,4,81,139
106952,99628,4,124,116
97249,87424,4,154,149
97249,98381,4,154,156
35405,108307,4,44,127
35405,88951,4,44,183
35405,103479,4,44,146
35405,94305,4,44,105
107719,75234,4,126,91
95822,104257,4,114,121
95822,110646,4,114,129
95883,61492,4,108,77
107238,36533,4,94,47
107170,104683,4,125,122
34189,102791,4,41,145
79271,59797,4,95,76
79271,92996,4,95,102
73828,83979,4,173,96
73828,34268,4,173,7
73828,34057,4,173,40
131823,79257,4,190,179
131823,30811,4,190,1
131823,90049,4,190,135
131823,89367,4,190,184
130867,73406,4,36,88
61659,92706,4,169,100
61659,33181,4,169,4
78561,38366,4,178,16
78561,104683,4,178,122
78561,78422,4,178,177
78561,36540,4,178,48
132834,136741,4,192,193
132834,107719,4,192,126
132834,98118,4,192,138
132834,35021,4,192,9
78422,78561,4,177,178
132339,78561,4,191,178
132339,85126,4,191,97
143741,94624,4,194,106
143741,98118,4,194,138
39519,532850,4,17,195
80132,98985,4,69,139
39158,112179,4,50,130
39158,103654,4,50,120
73586,32600,4,172,3
73586,98381,4,172,156
37000,93972,4,49,104
37000,101873,4,49,119
37000,95364,4,49,151
73406,105718,4,88,123
532850,85126,4,195,97
532850,88337,4,195,182
532850,95883,4,195,108
532850,116716,4,195,131
532850,108307,4,195,127
59797,88625,4,76,133
59797,92996,4,76,102
76524,88951,4,176,183
76524,73586,4,176,172
76524,36252,4,176,46
76524,118924,4,176,185
76524,102791,4,176,145
75484,112321,4,175,166
74373,99423,4,174,158
61492,69597,4,77,171
136741,101873,4,193,119
136741,106793,4,193,164
136741,132834,4,193,192
136741,36365,4,193,12
85937,131823,4,180,190
85937,97249,4,180,154
85937,102016,4,180,109
122308,76524,4,186,176
122308,95005,4,186,107
122308,94305,4,186,105
63420,101043,4,55,141
63420,112775,4,55,167
85126,72226,4,97,86
118924,103479,4,185,146
53586,86686,4,65,132
36252,90465,4,46,98
36252,61659,4,46,169
36252,73828,4,46,173
36252,97249,4,46,154
36252,79271,4,46,95
36252,101873,4,46,119
82753,63139,4,19,78
125171,78561,4,188,178
125171,111980,4,188,165
125171,106793,4,188,164
125171,35021,4,188,9
82598,112775,4,71,167
127615,111980,4,189,165
56564,105698,4,54,147
36540,125171,4,48,188
36540,102519,4,48,110
123514,114391,4,187,168
123514,91806,4,187,99
123514,91283,4,187,136
123514,38186,4,187,15
63139,73586,4,78,172
72364,102519,4,87,110
72364,87424,4,87,149
72226,78422,4,86,177
102016,90465,3,109,98
102016,73406,3,109,88
101873,105718,3,119,123
101873,65868,3,119,81
101480,101043,3,142,141
101383,110646,3,118,129
101383,101873,3,118,119
100867,67916,3,117,82
100829,102016,3,92,109
100829,79257,3,92,179
100567,95364,3,160,151
103479,99922,3,146,140
103639,100680,3,162,161
103654,69911,3,120,83
103654,71700,3,120,85
100235,64123,3,25,79
104257,100829,3,121,92
104257,59797,3,121,76
99423,105574,3,158,163
99423,85126,3,158,97
104683,107170,3,122,125
104683,116716,3,122,131
98985,72226,3,139,86
98788,97171,3,157,153
98099,116716,3,115,131
98099,108307,3,115,127
105698,101043,3,147,141
105718,100829,3,123,92
105718,71700,3,123,85
97872,95364,3,155,151
97249,97872,3,154,155
97171,112321,3,153,166
106793,97872,3,164,155
106922,107238,3,148,94
106952,73568,3,124,89
107170,75099,3,125,90
107170,112179,3,125,130
107238,125171,3,94,188
107238,101383,3,94,118
108307,72226,3,127,86
95458,97872,3,152,155
95458,103639,3,152,162
95458,98381,3,152,156
95005,79271,3,107,95
109142,116716,3,128,131
94624,92996,3,106,102
94624,93972,3,106,104
94624,102016,3,106,109
94624,100829,3,106,92
94624,91806,3,106,99
94305,102016,3,105,109
94305,94624,3,105,106
94305,100829,3,105,92
94305,79271,3,105,95
93972,71700,3,104,85
93940,78561,3,74,178
93940,99628,3,74,116
93940,102462,3,74,143
93566,92842,3,103,101
110646,101383,3,129,118
92996,73406,3,102,88
92939,64123,3,113,79
92706,67916,3,100,82
92706,103022,3,100,111
112179,106922,3,130,148
92114,73568,3,137,89
91806,71700,3,99,85
91806,93972,3,99,104
91806,63139,3,99,78
112775,106793,3,167,164
89367,106793,3,184,164
89367,110646,3,184,129
89367,91283,3,184,136
89367,79257,3,184,179
89367,88035,3,184,181
89367,94305,3,184,105
89367,100867,3,184,117
88951,76524,3,183,176
88452,102791,3,73,145
88452,89367,3,73,184
88452,52496,3,73,63
88452,35405,3,73,44
116716,109142,3,131,128
116716,101383,3,131,118
116716,101873,3,131,119
88337,38366,3,182,16
88337,118924,3,182,185
88337,34268,3,182,7
88035,91806,3,181,99
88035,63420,3,181,55
88035,35836,3,181,45
87424,89290,3,149,150
118924,47874,3,185,60
118924,103022,3,185,111
118924,92939,3,185,113
118924,103639,3,185,162
118924,131823,3,185,190
118924,532850,3,185,195
118924,88337,3,185,182
86686,73406,3,132,88
85937,132834,3,180,192
85937,99423,3,180,158
85937,36365,3,180,12
85126,93566,3,97,103
122308,32600,3,186,3
122308,79257,3,186,179
84394,91806,3,72,99
84394,35836,3,72,45
84394,114391,3,72,168
123514,88035,3,187,181
125171,65671,3,188,56
125171,106922,3,188,148
82598,132834,3,71,192
82598,94624,3,71,106
127615,36579,3,189,13
81086,123514,3,70,187
81086,112775,3,70,167
81086,91283,3,70,136
81086,143741,3,70,194
81086,88035,3,70,181
80132,104683,3,69,122
80132,65671,3,69,56
130867,102927,3,36,93
79271,95005,3,95,107
79257,101043,3,179,141
79257,88951,3,179,183
79257,89367,3,179,184
79257,76524,3,179,176
79257,91806,3,179,99
79257,94624,3,179,106
79257,88035,3,179,181
79257,37117,3,179,14
131823,76524,3,190,176
131823,66325,3,190,170
132339,35091,3,191,10
132339,127615,3,191,189
132834,97249,3,192,154
132834,85937,3,192,180
132834,114391,3,192,168
132834,78561,3,192,178
132834,101873,3,192,119
78561,93566,3,178,103
78422,132339,3,177,191
78422,74373,3,177,174
136741,38366,3,193,16
136741,532850,3,193,195
136741,89367,3,193,184
136741,125171,3,193,188
136741,132339,3,193,191
136741,97249,3,193,154
136741,90049,3,193,135
76524,122308,3,176,186
76524,89434,3,176,134
76524,79257,3,176,179
76524,79271,3,176,95
76524,30811,3,176,1
75484,98788,3,175,157
75484,118924,3,175,185
75484,92706,3,175,100
75484,83979,3,175,96
75484,34326,3,175,8
75484,34479,3,175,42
75234,39158,3,91,50
75099,101873,3,90,119
74373,93566,3,174,103
74373,95883,3,174,108
74373,108307,3,174,127
74373,97872,3,174,155
74373,34849,3,174,43
143741,33205,3,194,5
143741,104191,3,194,112
143741,101480,3,194,142
143741,88035,3,194,181
73828,90465,3,173,98
73828,69597,3,173,171
73828,51122,3,173,51
73586,76524,3,172,176
73586,123514,3,172,187
73586,34189,3,172,41
73586,88625,3,172,133
73568,98788,3,89,157
73406,132834,3,88,192
73406,106922,3,88,148
73406,107719,3,88,126
73406,93566,3,88,103
554352,98985,3,75,139
72226,116716,3,86,131
71700,98381,3,85,156
71700,105718,3,85,123
71700,73586,3,85,172
71700,86686,3,85,132
33181,46510,3,4,59
70528,92842,3,84,101
70528,100680,3,84,161
70528,101873,3,84,119
33462,90465,3,38,98
69597,532850,3,171,195
69597,74373,3,171,174
69597,34057,3,171,40
33907,90049,3,39,135
33907,101043,3,39,141
34057,90465,3,40,98
34189,51740,3,41,62
67916,93566,3,82,103
67916,92939,3,82,113
34479,97171,3,42,153
34849,85126,3,43,97
34849,90465,3,43,98
34849,103639,3,43,162
34849,99628,3,43,116
34849,116716,3,43,131
66325,95822,3,170,114
66325,30062,3,170,0
66325,61659,3,170,169
66325,88625,3,170,133
65868,104257,3,81,121
65868,107719,3,81,126
35405,103639,3,44,162
35405,85126,3,44,97
65671,89367,3,56,184
65671,102741,3,56,144
65671,78422,3,56,177
65671,52496,3,56,63
65671,85126,3,56,97
35836,37000,3,45,49
35836,89290,3,45,150
35836,106793,3,45,164
35836,101383,3,45,118
64123,112321,3,79,166
36252,116716,3,46,131
36252,89434,3,46,134
36252,88951,3,46,183
36252,99922,3,46,140
36252,102791,3,46,145
63420,88951,3,55,183
36533,107170,3,47,125
36540,92842,3,48,101
36540,105574,3,48,163
36579,532850,3,13,195
532850,69597,3,195,171
532850,73568,3,195,89
532850,78422,3,195,177
37000,112775,3,49,167
61659,122308,3,169,186
61659,118924,3,169,185
61659,30811,3,169,1
39158,106922,3,50,148
39158,99863,3,50,159
57363,73586,3,67,172
56564,89290,3,54,150
56564,92939,3,54,113
39841,125171,3,18,188
55976,107170,3,53,125
55976,97872,3,53,155
54416,132339,3,66,191
53065,100867,3,52,117
52617,90465,3,64,98
52617,73828,3,64,173
52496,532850,3,63,195
52496,95364,3,63,151
51740,97249,3,62,154
51740,79257,3,62,179
51122,116716,3,51,131
51122,34479,3,51,42
50831,99423,3,61,158
47874,103639,3,60,162
47874,131823,3,60,190
46510,89290,3,59,150
46510,89434,3,59,134
532850,34268,2,195,7
532850,34849,2,195,43
532850,38366,2,195,16
532850,39519,2,195,17
532850,92842,2,195,101
532850,53065,2,195,52
532850,100680,2,195,161
532850,83979,2,195,96
532850,118924,2,195,185
554352,74373,2,75,174
143741,95364,2,194,151
143741,114391,2,194,168
143741,123514,2,194,187
143741,63420,2,194,55
143741,94305,2,194,105
136741,85937,2,193,180
136741,92114,2,193,137
136741,111980,2,193,165
136741,35405,2,193,44
136741,33462,2,193,38
136741,65671,2,193,56
132834,112775,2,192,167
132834,125171,2,192,188
132834,89367,2,192,184
132834,94305,2,192,105
132834,35091,2,192,10
132834,39158,2,192,50
132834,65671,2,192,56
132339,136741,2,191,193
132339,125171,2,191,188
132339,86686,2,191,132
132339,78422,2,191,177
132339,36533,2,191,47
131823,88337,2,190,182
131823,88625,2,190,133
131823,98381,2,190,156
131823,33704,2,190,6
131823,34268,2,190,7
127615,105574,2,189,163
127615,78422,2,189,177
127615,36540,2,189,48
125171,132339,2,188,191
125171,143741,2,188,194
125171,86686,2,188,132
125171,107719,2,188,126
125171,107170,2,188,125
125171,31467,2,188,2
123514,101480,2,187,142
123514,87424,2,187,149
123514,88951,2,187,183
123514,35836,2,187,45
123514,79257,2,187,179
122308,89290,2,186,150
122308,112321,2,186,166
122308,61659,2,186,169
119068,64903,2,35,80
118924,116716,2,185,131
118924,83979,2,185,96
118924,85937,2,185,180
118924,75484,2,185,175
118924,101873,2,185,119
118924,89367,2,185,184
118924,66325,2,185,170
118924,53065,2,185,52
118924,51122,2,185,51
118924,36252,2,185,46
116716,104683,2,131,122
116716,92842,2,131,101
116716,98099,2,131,115
116716,52617,2,131,64
116716,72226,2,131,86
114687,55976,2,33,53
114391,97872,2,168,155
114391,98381,2,168,156
114391,95458,2,168,152
113138,70528,2,31,84
112321,99423,2,166,158
112179,101873,2,130,119
111980,99423,2,165,158
111980,99628,2,165,116
110646,51740,2,129,62
110646,95822,2,129,114
110646,100829,2,129,92
110646,67916,2,129,82
110124,61492,2,30,77
109142,98788,2,128,157
109142,70528,2,128,84
109142,52617,2,128,64
108307,73568,2,127,89
108307,106952,2,127,124
108105,34849,2,29,43
107719,112179,2,126,130
107238,132339,2,94,191
107170,102927,2,125,93
107170,108307,2,125,127
106952,61492,2,124,77
106793,87424,2,164,149
106793,99863,2,164,159
106793,114391,2,164,168
105718,103654,2,123,120
105718,104257,2,123,121
105698,67916,2,147,82
105698,63139,2,147,78
104683,107238,2,122,94
104683,101383,2,122,118
104683,92842,2,122,101
104683,65868,2,122,81
104257,71700,2,121,85
104257,46510,2,121,59
104257,95822,2,121,114
104257,63139,2,121,78
103654,75234,2,120,91
103639,97872,2,162,155
103479,98985,2,146,139
103150,64903,2,28,80
103150,51122,2,28,51
102927,102462,2,93,143
102927,92114,2,93,137
102927,106952,2,93,124
102791,105698,2,145,147
102791,88625,2,145,133
102741,102462,2,144,143
102519,107238,2,110,94
102519,104191,2,110,112
102519,102016,2,110,109
102462,97872,2,143,155
102462,98985,2,143,139
102462,86686,2,143,132
102016,102519,2,109,110
101873,109142,2,119,128
101873,116716,2,119,131
101873,95822,2,119,114
101873,72226,2,119,86
101873,104683,2,119,122
101383,75234,2,118,91
101383,104257,2,118,121
101383,100867,2,118,117
101383,65868,2,118,81
101292,71700,2,26,85
101292,65868,2,26,81
101043,86686,2,141,132
101043,105698,2,141,147
100867,105718,2,117,123
100867,64123,2,117,79
100867,101383,2,117,118
100867,65868,2,117,81
100867,116716,2,117,131
100829,101873,2,92,119
100829,76524,2,92,176
100680,95458,2,161,152
99922,90049,2,140,135
99922,92114,2,140,137
99863,112775,2,159,167
99423,98788,2,158,157
99423,100680,2,158,161
99423,101873,2,158,119
99423,111980,2,158,165
99423,112321,2,158,166
98985,91283,2,139,136
98985,92114,2,139,137
98985,103479,2,139,146
98788,99922,2,157,140
98788,103639,2,157,162
98788,95458,2,157,152
98381,103639,2,156,162
98381,101383,2,156,118
98118,107238,2,138,94
98099,73568,2,115,89
97872,111980,2,155,165
97872,103639,2,155,162
97872,105574,2,155,163
97249,103639,2,154,162
97249,106793,2,154,164
97249,114391,2,154,168
97171,98788,2,153,157
97171,89290,2,153,150
95822,100829,2,114,92
95822,100867,2,114,117
95822,92706,2,114,100
95822,92939,2,114,113
95458,112321,2,152,166
95364,86686,2,151,132
95364,99863,2,151,159
95005,92706,2,107,100
94624,102519,2,106,110
94624,73586,2,106,172
94305,59797,2,105,76
94021,75234,2,24,91
94021,39158,2,24,50
93940,78422,2,74,177
93940,86686,2,74,132
93940,92114,2,74,137
92996,67916,2,102,82
92996,92706,2,102,100
92996,94305,2,102,105
92939,92706,2,113,100
92706,59797,2,100,76
92706,64123,2,100,79
92114,86686,2,137,132
92114,99922,2,137,140
92114,52617,2,137,64
91806,95005,2,99,107
91806,104191,2,99,112
91700,59797,2,23,76
91700,100829,2,23,92
91283,102791,2,136,145
91283,69911,2,136,83
91283,72364,2,136,87
90465,92996,2,98,102
90465,64903,2,98,80
90049,91283,2,135,136
90049,92114,2,135,137
90049,97249,2,135,154
89449,69911,2,22,83
89367,136741,2,184,193
89367,102016,2,184,109
89367,102791,2,184,145
89367,33704,2,184,6
89290,101043,2,150,141
88951,123514,2,183,187
88951,102016,2,183,109
88951,91806,2,183,99
88951,101383,2,183,118
88951,66325,2,183,170
88951,38186,2,183,15
88951,33907,2,183,39
88951,37000,2,183,49
88625,59797,2,133,76
88452,131823,2,73,190
88452,106793,2,73,164
88452,85937,2,73,180
88452,101873,2,73,119
88337,98788,2,182,157
88337,108307,2,182,127
88337,102791,2,182,145
88337,53065,2,182,52
88337,92996,2,182,102
88035,97249,2,181,154
88035,107719,2,181,126
88035,110646,2,181,129
88035,132834,2,181,192
88035,79257,2,181,179
87424,95458,2,149,152
86686,91283,2,132,136
86686,105574,2,132,163
86686,106922,2,132,148
86686,101480,2,132,142
86029,59797,2,21,76
85937,118924,2,180,185
85937,125171,2,180,188
85937,74373,2,180,174
85937,78422,2,180,177
85937,78561,2,180,178
85937,100867,2,180,117
85937,93566,2,180,103
85937,33462,2,180,38
85937,35021,2,180,9
85126,102519,2,97,110
85126,97872,2,97,155
84394,72364,2,72,87
84394,102791,2,72,145
84394,105718,2,72,123
84394,106793,2,72,164
84014,64123,2,20,79
83979,70528,2,96,84
82753,59797,2,19,76
82598,88035,2,71,181
81086,93972,2,70,104
80132,102016,2,69,109
80132,125171,2,69,188
80132,132834,2,69,192
80132,136741,2,69,193
30062,68773,2,0,68
30062,118924,2,0,185
79271,63139,2,95,78
79257,122308,2,179,186
79257,95822,2,179,114
79257,56564,2,179,54
79257,66325,2,179,170
79257,35836,2,179,45
78561,102519,2,178,110
78561,85937,2,178,180
78561,112179,2,178,130
78561,92842,2,178,101
78561,95364,2,178,151
78561,35091,2,178,10
78422,95364,2,177,151
78422,88337,2,177,182
78422,99628,2,177,116
78422,107170,2,177,125
30811,79257,2,1,179
76524,104257,2,176,121
76524,94624,2,176,106
76524,92939,2,176,113
76524,56564,2,176,54
75484,61659,2,175,169
75484,51122,2,175,51
31467,136741,2,2,193
75234,112775,2,91,167
75099,102741,2,90,144
74373,105574,2,174,163
73828,532850,2,173,195
73828,106952,2,173,124
73828,95458,2,173,152
73828,112321,2,173,166
73828,35804,2,173,11
73586,122308,2,172,186
73586,35836,2,172,45
73568,532850,2,89,195
73568,100867,2,89,117
73568,106952,2,89,124
73568,95458,2,89,152
73568,99423,2,89,158
73568,52496,2,89,63
73406,136741,2,88,193
73406,103654,2,88,120
73406,104683,2,88,122
73406,95364,2,88,151
73406,53586,2,88,65
73406,101873,2,88,119
73406,102519,2,88,110
72364,107719,2,87,126
72364,104257,2,87,121
72364,92996,2,87,102
72364,98381,2,87,156
72226,136741,2,86,193
72226,101383,2,86,118
72226,92114,2,86,137
71700,123514,2,85,187
33205,132834,2,5,192
70528,106952,2,84,124
70528,53065,2,84,52
33462,55976,2,38,53
33462,74373,2,38,174
33462,92842,2,38,101
33462,104683,2,38,122
69597,109142,2,171,128
69597,99423,2,171,158
69597,99922,2,171,140
69597,95883,2,171,108
69597,98099,2,171,115
69597,34849,2,171,43
33704,51740,2,6,62
33704,88035,2,6,181
33704,66325,2,6,170
33704,73586,2,6,172
33907,73586,2,39,172
33907,92996,2,39,102
33907,122308,2,39,186
68773,92939,2,68,113
68773,64903,2,68,80
68773,98788,2,68,157
68773,103022,2,68,111
34057,109142,2,40,128
34057,118924,2,40,185
34189,56564,2,41,54
34189,97171,2,41,153
67916,101043,2,82,141
67916,131823,2,82,190
34479,50831,2,42,61
34849,105574,2,43,163
34849,95883,2,43,108
35021,78422,2,9,177
35021,89367,2,9,184
66325,92996,2,170,102
66325,73828,2,170,173
66325,36252,2,170,46
65868,104683,2,81,122
65868,88337,2,81,182
35405,87424,2,44,149
35405,90465,2,44,98
35405,91283,2,44,136
35405,132834,2,44,192
65671,143741,2,56,194
65671,97872,2,56,155
65671,99863,2,56,159
65671,98118,2,56,138
65671,102791,2,56,145
65671,82598,2,56,71
64903,90465,2,80,98
64903,101873,2,80,119
64903,88625,2,80,133
64903,90049,2,80,135
64903,98788,2,80,157
35804,88337,2,11,182
64123,66325,2,79,170
36252,90049,2,46,135
36252,79257,2,46,179
36252,83979,2,46,96
36252,104257,2,46,121
63420,94624,2,55,106
63420,91806,2,55,99
63420,104191,2,55,112
63420,39158,2,55,50
36533,86686,2,47,132
36533,107719,2,47,126
63139,105698,2,78,147
63139,94624,2,78,106
63139,92996,2,78,102
63139,79271,2,78,95
36540,36579,2,48,13
36540,102016,2,48,109
36540,98985,2,48,139
37000,102016,2,49,109
37000,104683,2,49,122
37000,86686,2,49,132
37000,88452,2,49,73
37000,123514,2,49,187
37117,123514,2,14,187
61659,66325,2,169,170
61659,75484,2,169,175
61659,76524,2,169,176
61659,94305,2,169,105
61492,52617,2,77,64
59797,118924,2,76,185
59797,97171,2,76,153
38366,74373,2,16,174
38366,132339,2,16,191
39158,69911,2,50,83
39158,88035,2,50,181
39158,95364,2,50,151
39158,104683,2,50,122
39158,106793,2,50,164
39158,136741,2,50,193
57363,104257,2,67,121
57363,88625,2,67,133
56564,92706,2,54,100
56564,51740,2,54,62
39841,136741,2,18,193
55976,108307,2,53,127
55976,102741,2,53,144
55976,85126,2,53,97
53586,143741,2,65,194
53586,72364,2,65,87
53586,104191,2,65,112
53065,97872,2,52,155
53065,85126,2,52,97
53065,67916,2,52,82
53065,69597,2,52,171
52617,116716,2,64,131
52617,103479,2,64,146
52617,97249,2,64,154
52617,99423,2,64,158
52496,108307,2,63,127
52496,102927,2,63,93
52496,65671,2,63,56
52496,85937,2,63,180
52496,90049,2,63,135
51740,76524,2,62,176
51740,79271,2,62,95
51740,87424,2,62,149
51122,103639,2,51,162
51122,103479,2,51,146
51122,92939,2,51,113
50831,51122,2,61,51
47874,100867,2,60,117
47874,36252,2,60,46
45857,93566,2,57,103
45965,100680,2,58,161
45965,103639,2,58,162
46510,95458,2,59,152
46510,79271,1,59,95
46510,66325,1,59,170
46510,56564,1,59,54
46510,97171,1,59,153
46510,95822,1,59,114
45965,106952,1,58,124
45965,69597,1,58,171
45965,73828,1,58,173
45965,52617,1,58,64
45857,111980,1,57,165
45857,92842,1,57,101
45857,99922,1,57,140
45857,103479,1,57,146
45857,69597,1,57,171
47874,66325,1,60,170
47874,50831,1,60,61
47874,98381,1,60,156
47874,70528,1,60,84
47874,76524,1,60,176
47874,88337,1,60,182
50831,64123,1,61,79
50831,83979,1,61,96
50831,70528,1,61,84
50831,98788,1,61,157
50831,118924,1,61,185
50831,89434,1,61,134
50831,92939,1,61,113
50831,95458,1,61,152
50831,97249,1,61,154
51122,52617,1,51,64
51122,68773,1,51,68
51122,88625,1,51,133
51740,88452,1,62,73
51740,89434,1,62,134
51740,105698,1,62,147
51740,105718,1,62,123
51740,110646,1,62,129
51740,92706,1,62,100
51740,94305,1,62,105
52496,45857,1,63,57
52496,97872,1,63,155
52496,74373,1,63,174
52496,78422,1,63,177
52496,98985,1,63,139
52496,101873,1,63,119
52496,105574,1,63,163
52617,34057,1,64,40
52617,73568,1,64,89
52617,83979,1,64,96
52617,88337,1,64,182
52617,89434,1,64,134
53065,33462,1,52,38
53065,90049,1,52,135
53065,102016,1,52,109
53065,106952,1,52,124
53586,80132,1,65,69
53586,39158,1,65,50
53586,112775,1,65,167
53586,99863,1,65,159
54416,98985,1,66,139
54416,99863,1,66,159
54416,102519,1,66,110
54416,102741,1,66,144
54416,36533,1,66,47
55976,33462,1,53,38
55976,111980,1,53,165
55976,532850,1,53,195
39841,36579,1,18,13
39841,93940,1,18,74
56564,34189,1,54,41
56564,112321,1,54,166
39519,45965,1,17,58
57363,71700,1,67,85
57363,76524,1,67,176
57363,98381,1,67,156
57363,79271,1,67,95
39158,102016,1,50,109
39158,78561,1,50,178
38186,89367,1,15,184
59797,47874,1,76,60
59797,33181,1,76,4
59797,122308,1,76,186
61492,34057,1,77,40
61492,73828,1,77,173
61492,99423,1,77,158
61492,100680,1,77,161
61659,34479,1,169,42
61659,46510,1,169,59
61659,131823,1,169,190
61659,98788,1,169,157
37117,82598,1,14,71
37000,97249,1,49,154
37000,35836,1,49,45
36579,33462,1,13,38
36540,554352,1,48,75
36540,136741,1,48,193
36540,104683,1,48,122
36540,92114,1,48,137
36540,97872,1,48,155
63139,34189,1,78,41
63139,95005,1,78,107
36533,132834,1,47,192
63420,53586,1,55,65
63420,101383,1,55,118
63420,102791,1,55,145
63420,86686,1,55,132
63420,106793,1,55,164
36252,122308,1,46,186
36252,33907,1,46,39
64123,34479,1,79,42
64123,75484,1,79,175
64123,103022,1,79,111
35836,98381,1,45,156
35836,89367,1,45,184
35804,85937,1,11,180
64903,118924,1,80,185
64903,103639,1,80,162
64903,105698,1,80,147
64903,109142,1,80,128
64903,73828,1,80,173
64903,83979,1,80,96
64903,93566,1,80,103
64903,98099,1,80,115
64903,64123,1,80,79
65671,33462,1,56,38
65671,92114,1,56,137
65671,107719,1,56,126
65671,116716,1,56,131
35405,98985,1,44,139
35405,99922,1,44,140
35405,104191,1,44,112
35405,73828,1,44,173
35405,112775,1,44,167
35405,114391,1,44,168
35405,118924,1,44,185
35405,52496,1,44,63
35405,33907,1,44,39
65868,52496,1,81,63
65868,35405,1,81,44
65868,101873,1,81,119
65868,89367,1,81,184
65868,95364,1,81,151
65868,97249,1,81,154
66325,33704,1,170,6
66325,51122,1,170,51
66325,88337,1,170,182
66325,88951,1,170,183
66325,100680,1,170,161
66325,122308,1,170,186
66325,131823,1,170,190
35091,132834,1,10,192
35021,143741,1,9,194
34849,85937,1,43,180
34849,52617,1,43,64
34849,100680,1,43,161
34849,103479,1,43,146
34479,83979,1,42,96
67916,36252,1,82,46
67916,89434,1,82,134
67916,50831,1,82,61
67916,103479,1,82,146
34268,69597,1,7,171
34189,114391,1,41,168
34189,79271,1,41,95
34189,35836,1,41,45
34189,89434,1,41,134
34189,94305,1,41,105
34189,94624,1,41,106
34189,95458,1,41,152
34057,98788,1,40,157
34057,45857,1,40,57
34057,52617,1,40,64
34057,92114,1,40,137
68773,34479,1,68,42
68773,100680,1,68,161
68773,112321,1,68,166
68773,92706,1,68,100
68773,95822,1,68,114
68773,97171,1,68,153
33907,100867,1,39,117
33907,106793,1,39,164
33907,82753,1,39,19
33907,89434,1,39,134
69597,92114,1,171,137
69911,91806,1,83,99
69911,100567,1,83,160
69911,101383,1,83,118
69911,103654,1,83,120
69911,143741,1,83,194
69911,94021,1,83,24
33462,92996,1,38,102
33462,127615,1,38,189
33462,35405,1,38,44
33462,36579,1,38,13
33462,97249,1,38,154
33462,102462,1,38,143
33462,103479,1,38,146
33462,65671,1,38,56
70528,118924,1,84,185
70528,112321,1,84,166
70528,103479,1,84,146
70528,88337,1,84,182
70528,92996,1,84,102
70528,98985,1,84,139
33205,88951,1,5,183
71700,35836,1,85,45
71700,95458,1,85,152
71700,97249,1,85,154
71700,101043,1,85,141
72226,98985,1,86,139
72226,105574,1,86,163
72226,111980,1,86,165
72226,78561,1,86,178
72226,85126,1,86,97
72226,85937,1,86,180
72226,88452,1,86,73
72226,92996,1,86,102
72226,93566,1,86,103
72226,97872,1,86,155
72226,532850,1,86,195
72364,37000,1,87,49
72364,88035,1,87,181
72364,89290,1,87,150
72364,89367,1,87,184
72364,101873,1,87,119
72364,104191,1,87,112
73406,92842,1,88,101
73406,94624,1,88,106
73406,86686,1,88,132
73406,107170,1,88,125
73406,110646,1,88,129
73406,104191,1,88,112
73406,106793,1,88,164
73568,34849,1,89,43
73568,101873,1,89,119
73568,92114,1,89,137
73586,101043,1,172,141
73586,79257,1,172,179
73828,34326,1,173,8
73828,53065,1,173,52
73828,85126,1,173,97
73828,100867,1,173,117
73828,103639,1,173,162
74373,45857,1,174,57
74373,127615,1,174,189
75099,54416,1,90,66
75099,111980,1,90,165
75099,112775,1,90,167
75099,125171,1,90,188
75099,98118,1,90,138
75099,102519,1,90,110
75099,108307,1,90,127
75099,78422,1,90,177
75234,125171,1,91,188
31467,82598,1,2,71
31467,78561,1,2,178
75484,66325,1,175,170
75484,89434,1,175,134
76524,33907,1,176,39
76524,46510,1,176,59
76524,91806,1,176,99
76524,92996,1,176,102
76524,88337,1,176,182
76524,89367,1,176,184
76524,100829,1,176,92
76524,103479,1,176,146
76524,98788,1,176,157
30811,47874,1,1,60
30811,88951,1,1,183
78422,38366,1,177,16
78422,33462,1,177,38
78422,34849,1,177,43
78422,35804,1,177,11
78422,532850,1,177,195
78422,554352,1,177,75
78422,92114,1,177,137
78422,93940,1,177,74
78422,125171,1,177,188
78422,85937,1,177,180
78422,86686,1,177,132
78422,90049,1,177,135
78561,80132,1,178,69
78561,36533,1,178,47
78561,36579,1,178,13
78561,33462,1,178,38
78561,35021,1,178,9
78561,98985,1,178,139
78561,99628,1,178,116
78561,93940,1,178,74
78561,127615,1,178,189
78561,132834,1,178,192
78561,532850,1,178,195
79257,37000,1,179,49
79257,32600,1,179,3
79257,33181,1,179,4
79257,34189,1,179,41
79257,88625,1,179,133
79257,95005,1,179,107
79257,97249,1,179,154
79271,100829,1,95,92
30062,50831,1,0,61
80132,86686,1,69,132
80132,78561,1,69,178
80132,82598,1,69,71
80132,111980,1,69,165
80132,101873,1,69,119
80132,102519,1,69,110
81086,75234,1,70,91
81086,63420,1,70,55
81086,101480,1,70,142
81086,103654,1,70,120
82598,37000,1,71,49
82598,88951,1,71,183
82598,143741,1,71,194
82598,100567,1,71,160
82753,51740,1,19,62
82753,36252,1,19,46
82753,65868,1,19,81
83979,103479,1,96,146
83979,90465,1,96,98
83979,93566,1,96,103
83979,100867,1,96,117
84014,46510,1,20,59
84394,82598,1,72,71
84394,86686,1,72,132
84394,88035,1,72,181
85126,70528,1,97,84
85126,90465,1,97,98
85126,99922,1,97,140
85937,35405,1,180,44
85937,35804,1,180,11
85937,89367,1,180,184
85937,102791,1,180,145
85937,127615,1,180,189
85937,132339,1,180,191
85937,103639,1,180,162
85937,104683,1,180,122
86686,90049,1,132,135
86686,97249,1,132,154
86686,98985,1,132,139
86686,99628,1,132,116
86686,102462,1,132,143
86686,85126,1,132,97
87424,99628,1,149,116
87424,100567,1,149,160
87424,35836,1,149,45
88035,33704,1,181,6
88035,73586,1,181,172
88035,72364,1,181,87
88035,86686,1,181,132
88035,131823,1,181,190
88337,35405,1,182,44
88337,33462,1,182,38
88337,98381,1,182,156
88337,100680,1,182,161
88337,102016,1,182,109
88337,73828,1,182,173
88337,83979,1,182,96
88337,88951,1,182,183
88337,89367,1,182,184
88337,93566,1,182,103
88337,136741,1,182,193
88337,532850,1,182,195
88337,110646,1,182,129
88452,51740,1,73,62
88452,94305,1,73,105
88452,72226,1,73,86
88452,92706,1,73,100
88452,92996,1,73,102
88625,63139,1,133,78
88625,64123,1,133,79
88625,67916,1,133,82
88625,46510,1,133,59
88625,103022,1,133,111
88625,103479,1,133,146
88625,90049,1,133,135
88625,91806,1,133,99
88625,92706,1,133,100
88625,95822,1,133,114
88951,73586,1,183,172
88951,82598,1,183,71
88951,132834,1,183,192
88951,95822,1,183,114
89290,95005,1,150,107
89290,95458,1,150,152
89367,35021,1,184,9
89367,37000,1,184,49
89367,95364,1,184,151
89367,78561,1,184,178
89367,82598,1,184,71
89367,84394,1,184,72
89367,85937,1,184,180
89367,143741,1,184,194
89434,59797,1,134,76
89434,102791,1,134,145
89434,103479,1,134,146
89434,64123,1,134,79
89434,64903,1,134,80
89434,112321,1,134,166
89449,72364,1,22,87
90049,90465,1,135,98
90049,95822,1,135,114
90049,103479,1,135,146
90049,110646,1,135,129
90049,102791,1,135,145
90049,99922,1,135,140
90049,100867,1,135,117
90049,101043,1,135,141
90465,116716,1,98,131
90465,85126,1,98,97
90465,92706,1,98,100
90465,65868,1,98,81
90465,67916,1,98,82
91283,103654,1,136,120
91283,73406,1,136,88
91283,98985,1,136,139
91806,114391,1,99,168
91806,101043,1,99,141
91806,102016,1,99,109
91806,69911,1,99,83
92114,100680,1,137,161
92114,90049,1,137,135
92114,93566,1,137,103
92706,34479,1,100,42
92706,36252,1,100,46
92706,46510,1,100,59
92706,110646,1,100,129
92706,112321,1,100,166
92706,95822,1,100,114
92706,97171,1,100,153
92706,98381,1,100,156
92706,102016,1,100,109
92706,65868,1,100,81
92706,79271,1,100,95
92706,85126,1,100,97
92842,45857,1,101,57
92842,73568,1,101,89
92842,93566,1,101,103
92842,99423,1,101,158
92842,102462,1,101,143
92939,98788,1,113,157
92939,103022,1,113,111
92939,104257,1,113,121
92939,67916,1,113,82
92939,88625,1,113,133
92939,89434,1,113,134
92939,109142,1,113,128
92939,116716,1,113,131
92996,83979,1,102,96
92996,94624,1,102,106
92996,98985,1,102,139
92996,102519,1,102,110
92996,104191,1,102,112
92996,35405,1,102,44
93566,85126,1,103,97
93566,90465,1,103,98
93566,95883,1,103,108
93566,103479,1,103,146
93566,61492,1,103,77
93566,72226,1,103,86
93566,83979,1,103,96
93940,36540,1,74,48
93940,125171,1,74,188
93940,111980,1,74,165
93940,85126,1,74,97
93940,99863,1,74,159
93940,102927,1,74,93
93972,94305,1,104,105
93972,103654,1,104,120
94305,67916,1,105,82
94305,95005,1,105,107
94305,105698,1,105,147
94305,112775,1,105,167
94305,87424,1,105,149
94305,88625,1,105,133
94305,90465,1,105,98
94305,91283,1,105,136
94305,91806,1,105,99
94624,94305,1,106,105
94624,97249,1,106,154
94624,97872,1,106,155
94624,101873,1,106,119
94624,90049,1,106,135
94624,35405,1,106,44
94624,107719,1,106,126
94624,112775,1,106,167
94624,114391,1,106,168
94624,103654,1,106,120
95005,103022,1,107,111
95005,105698,1,107,147
95364,92996,1,151,102
95364,97249,1,151,154
95364,102519,1,151,110
95364,106922,1,151,148
95458,36252,1,152,46
95458,89290,1,152,150
95822,46510,1,114,59
95822,59797,1,114,76
95822,64123,1,114,79
95822,68773,1,114,68
95822,105718,1,114,123
95822,109142,1,114,128
95883,98099,1,108,115
95883,100680,1,108,161
95883,103479,1,108,146
95883,109142,1,108,128
97171,59797,1,153,76
97171,98381,1,153,156
97249,33907,1,154,39
97249,36252,1,154,46
97249,89434,1,154,134
97249,90049,1,154,135
97249,92996,1,154,102
97249,95364,1,154,151
97249,99423,1,154,158
97249,100867,1,154,117
97249,111980,1,154,165
97872,33462,1,155,38
97872,98381,1,155,156
97872,98985,1,155,139
97872,106793,1,155,164
97872,108307,1,155,127
97872,72226,1,155,86
98099,92939,1,115,113
98099,95883,1,115,108
98099,98788,1,115,157
98099,100680,1,115,161
98099,106952,1,115,124
98118,36533,1,138,47
98118,107719,1,138,126
98118,112179,1,138,130
98118,91283,1,138,136
98118,101480,1,138,142
98381,87424,1,156,149
98381,90049,1,156,135
98381,97249,1,156,154
98381,98788,1,156,157
98381,103479,1,156,146
98788,100680,1,157,161
98985,65868,1,139,81
98985,90049,1,139,135
98985,52496,1,139,63
99628,92842,1,116,101
99628,34849,1,116,43
99628,102462,1,116,143
99628,106952,1,116,124
99628,101873,1,116,119
99628,554352,1,116,75
99863,86686,1,159,132
99863,107719,1,159,126
99922,61492,1,140,77
99922,95458,1,140,152
99922,101873,1,140,119
99922,109142,1,140,128
100680,112321,1,161,166
100680,99423,1,161,158
100829,33907,1,92,39
100829,97249,1,92,154
100829,110646,1,92,129
100867,109142,1,117,128
100867,99423,1,117,158
100867,101873,1,117,119
100867,104257,1,117,121
100867,104683,1,117,122
100867,47874,1,117,60
100867,68773,1,117,68
100867,88452,1,117,73
100867,90049,1,117,135
101043,90049,1,141,135
101043,101480,1,141,142
101292,69911,1,26,83
101292,75234,1,26,91
101383,82598,1,118,71
101383,95822,1,118,114
101383,99863,1,118,159
101383,51740,1,118,62
101383,108307,1,118,127
101383,100829,1,118,92
101383,102519,1,118,110
101383,104191,1,118,112
101383,104683,1,118,122
101480,93972,1,142,104
101480,81086,1,142,70
101873,98118,1,119,138
101873,106952,1,119,124
101873,107719,1,119,126
101873,108307,1,119,127
101873,67916,1,119,82
101873,73406,1,119,88
101873,88452,1,119,73
101873,97872,1,119,155
102016,36540,1,109,48
102016,92996,1,109,102
102016,95364,1,109,151
102016,107170,1,109,125
102016,90049,1,109,135
102016,92706,1,109,100
102462,92114,1,143,137
102462,93566,1,143,103
102462,102927,1,143,93
102462,105574,1,143,163
102462,106922,1,143,148
102519,92996,1,110,102
102519,95364,1,110,151
102519,106793,1,110,164
102519,107719,1,110,126
102741,86686,1,144,132
102741,95364,1,144,151
102741,105574,1,144,163
102741,107170,1,144,125
102791,37000,1,145,49
102791,114391,1,145,168
102791,71700,1,145,85
102791,91283,1,145,136
102791,94305,1,145,105
102791,98381,1,145,156
102805,80132,1,27,69
102805,155884,1,27,37
102805,113168,1,27,32
102927,55976,1,93,53
102927,85126,1,93,97
102927,78422,1,93,177
103022,90465,1,111,98
103022,67916,1,111,82
103022,92996,1,111,102
103479,34057,1,146,40
103479,102791,1,146,145
103479,61492,1,146,77
103479,67916,1,146,82
103479,95458,1,146,152
103639,97249,1,162,154
103639,98381,1,162,156
103639,99423,1,162,158
103654,94624,1,120,106
103654,105718,1,120,123
103654,91806,1,120,99
104191,75234,1,112,91
104191,91806,1,112,99
104191,93972,1,112,104
104191,94624,1,112,106
104191,98118,1,112,138
104191,72364,1,112,87
104191,106922,1,112,148
104257,114391,1,121,168
104257,97171,1,121,153
104257,88625,1,121,133
104683,90049,1,122,135
104683,102519,1,122,110
104683,104191,1,122,112
104683,104257,1,122,121
104683,52496,1,122,63
104683,54416,1,122,66
104683,73406,1,122,88
104683,80132,1,122,69
104683,88452,1,122,73
104683,112179,1,122,130
105574,102927,1,163,93
105574,55976,1,163,53
105574,111980,1,163,165
105698,90049,1,147,135
105698,103479,1,147,146
105698,110646,1,147,129
105718,72364,1,123,87
105718,73586,1,123,172
105718,114391,1,123,168
105718,101383,1,123,118
105718,105698,1,123,147
105718,107719,1,123,126
105718,110646,1,123,129
105718,89290,1,123,150
105718,91806,1,123,99
106793,100567,1,164,160
106793,102791,1,164,145
106793,105574,1,164,163
106793,111980,1,164,165
106793,112775,1,164,167
106922,54416,1,148,66
106922,102741,1,148,144
106922,95364,1,148,151
106952,101873,1,124,119
106952,102927,1,124,93
106952,45965,1,124,58
106952,107170,1,124,125
106952,109142,1,124,128
107170,97872,1,125,155
107170,99628,1,125,116
107170,101873,1,125,119
107170,106952,1,125,124
107170,554352,1,125,75
107238,85126,1,94,97
107238,99863,1,94,159
107238,106922,1,94,148
107238,111980,1,94,165
107238,112179,1,94,130
107719,143741,1,126,194
107719,101383,1,126,118
107719,101480,1,126,142
107719,102519,1,126,110
107719,105718,1,126,123
107719,86686,1,126,132
107719,88035,1,126,181
107719,100567,1,126,160
108105,34268,1,29,7
108105,64903,1,29,80
108105,65868,1,29,81
108105,67916,1,29,82
108105,73568,1,29,89
108307,100867,1,127,117
108307,101383,1,127,118
108307,107170,1,127,125
108307,107719,1,127,126
108307,65671,1,127,56
108307,75099,1,127,90
108307,92842,1,127,101
108307,95364,1,127,151
108307,45857,1,127,57
108307,52496,1,127,63
109142,64903,1,128,80
109142,73828,1,128,173
109142,101873,1,128,119
109142,110646,1,128,129
109142,83979,1,128,96
109142,89434,1,128,134
109142,90049,1,128,135
109142,98099,1,128,115
109142,99922,1,128,140
110124,114687,1,30,33
110646,65868,1,129,81
110646,100867,1,129,117
110646,101043,1,129,141
110646,101873,1,129,119
110646,102791,1,129,145
110646,103654,1,129,120
110646,79271,1,129,95
110646,87424,1,129,149
110646,92939,1,129,113
110646,107719,1,129,126
111980,106793,1,165,164
111980,106922,1,165,148
111980,98985,1,165,139
112179,95364,1,130,151
112179,101383,1,130,118
112179,106793,1,130,164
112179,112775,1,130,167
112179,75099,1,130,90
112179,86686,1,130,132
112321,34479,1,166,42
112321,97171,1,166,153
112321,103022,1,166,111
112775,100567,1,167,160
112775,104191,1,167,112
112775,99863,1,167,159
113138,131823,1,31,190
113138,67916,1,31,82
113138,72226,1,31,86
114391,89290,1,168,150
114391,102016,1,168,109
114391,103654,1,168,120
114391,106793,1,168,164
114687,102927,1,33,93
116716,97872,1,131,155
116716,98788,1,131,157
116716,106952,1,131,124
116716,110646,1,131,129
116716,73406,1,131,88
116716,73568,1,131,89
116716,90049,1,131,135
118803,73568,1,34,89
118803,75099,1,34,90
118924,39519,1,185,17
118924,92706,1,185,100
118924,76524,1,185,176
118924,110646,1,185,129
118924,122308,1,185,186
119068,73828,1,35,173
122308,33704,1,186,6
122308,66325,1,186,170
122308,95458,1,186,152
122308,104257,1,186,121
122308,110646,1,186,129
123514,63420,1,187,55
123514,94624,1,187,106
123514,73586,1,187,172
123514,81086,1,187,70
125171,36533,1,188,47
125171,78422,1,188,177
125171,101383,1,188,118
127615,55976,1,189,53
127615,78561,1,189,178
127615,102927,1,189,93
127615,554352,1,189,75
130867,118803,1,36,34
131823,33907,1,190,39
131823,37117,1,190,14
131823,88452,1,190,73
131823,79271,1,190,95
131823,136741,1,190,193
131823,94624,1,190,106
131823,95458,1,190,152
131823,95822,1,190,114
132339,35021,1,191,9
132339,54416,1,191,66
132339,75099,1,191,90
132339,93940,1,191,74
132339,98118,1,191,138
132339,102519,1,191,110
132834,36533,1,192,47
132834,37117,1,192,14
132834,94624,1,192,106
132834,98985,1,192,139
132834,73406,1,192,88
132834,78422,1,192,177
132834,88951,1,192,183
132834,92996,1,192,102
132834,101480,1,192,142
132834,103654,1,192,120
136741,52496,1,193,63
136741,39158,1,193,50
136741,39841,1,193,18
136741,92996,1,193,102
136741,107170,1,193,125
136741,131823,1,193,190
143741,37000,1,194,49
143741,37117,1,194,14
143741,88951,1,194,183
143741,89367,1,194,184
143741,91806,1,194,99
143741,93972,1,194,104
143741,103654,1,194,120
532850,34057,1,195,40
532850,33462,1,195,38
532850,97872,1,195,155
554352,92842,1,75,101
554352,55976,1,75,53
554352,111980,1,75,165
554352,93940,1,75,74
