assignedOlHex1,assignedOlHex2,bodyId,flywireType,group,instance,somaSide,statusLabel,superclass,type,vfbId,hemibrainType,itoleeHl,supertype,birthtime,mancBodyid,mancGroup,mancType,subclass,synonyms,class,rootSide,somaNeuromere,trumanHl,dimorphism,matchingNotes,entryNerve,mancSerial,mcnsSerial,serialMotif,fruDsx,exitNerve,receptorType,somaLocation,tosomaLocation,status,position_source,neurotransmitter,sign,type_index,x,y
17.0,18.0,30062,L1,10465.0,L1_R,R,Roughly traced,ol_intrinsic,L1,VFB_jrmc2do4,,,,,,,,,,,,,,,,,,,,,,,,,Traced,MaleCNS column annotation,glutamate,-1,0,-1.0,-1.7320508075688772
18.0,19.0,30811,L1,10465.0,L1_R,R,Roughly traced,ol_intrinsic,L1,VFB_jrmc2elm,,,,,,,,,,,,,,,,,,,,,,,,,Traced,MaleCNS column annotation,glutamate,-1,0,-0.5,-0.8660254037844386
21.0,21.0,31467,L1,10465.0,L1_R,R,Roughly traced,ol_intrinsic,L1,VFB_jrmc2eqi,,,,,,,,,,,,,,,,,,,,,,,,,Traced,MaleCNS column annotation,glutamate,-1,0,1.5,0.8660254037844386
19.0,18.0,32600,L1,10465.0,L1_R,R,Roughly traced,ol_intrinsic,L1,VFB_jrmc2e5a,,,,,,,,,,,,,,,,,,,,,,,,,Traced,MaleCNS column annotation,glutamate,-1,0,1.0,-1.7320508075688772
18.0,18.0,33181,L1,10465.0,L1_R,R,Roughly traced,ol_intrinsic,L1,VFB_jrmc2dp5,,,,,,,,,,,,,,,,,,,,,,,,,Traced,MaleCNS column annotation,glutamate,-1,0,0.0,-1.7320508075688772
21.0,20.0,33205,L1,10465.0,L1_R,R,Roughly traced,ol_intrinsic,L1,VFB_jrmc2erk,,,,,,,,,,,,,,,,,,,,,,,,,Traced,MaleCNS column annotation,glutamate,-1,0,2.0,0.0
19.0,19.0,33704,L1,10465.0,L1_R,R,Roughly traced,ol_intrinsic,L1,VFB_jrmc2drb,,,,,,,,,,,,,,,,,,,,,,,,,Traced,MaleCNS column annotation,glutamate,-1,0,0.5,-0.8660254037844386
18.0,20.0,34268,L1,10465.0,L1_R,R,Roughly traced,ol_intrinsic,L1,VFB_jrmc2dto,,,,,,,,,,,,,,,,,,,,,,,,,Traced,MaleCNS column annotation,glutamate,-1,0,-1.0,0.0
17.0,19.0,34326,L1,10465.0,L1_R,R,Roughly traced,ol_intrinsic,L1,VFB_jrmc2e4f,,,,,,,,,,,,,,,,,,,,,,,,,Traced,MaleCNS column annotation,glutamate,-1,0,-1.5,-0.8660254037844386
20.0,21.0,35021,L1,10465.0,L1_R,R,Roughly traced,ol_intrinsic,L1,VFB_jrmc2ejo,,,,,,,,,,,,,,,,,,,,,,,,,Traced,MaleCNS column annotation,glutamate,-1,0,0.5,0.8660254037844386
21.0,22.0,35091,L1,10465.0,L1_R,R,Roughly traced,ol_intrinsic,L1,VFB_jrmc2en4,,,,,,,,,,,,,,,,,,,,,,,,,Traced,MaleCNS column annotation,glutamate,-1,0,1.0,1.7320508075688772
18.0,21.0,35804,L1,10465.0,L1_R,R,Roughly traced,ol_intrinsic,L1,VFB_jrmc2djj,,,,,,,,,,,,,,,,,,,,,,,,,Traced,MaleCNS column annotation,glutamate,-1,0,-1.5,0.8660254037844386
19.0,20.0,36365,L1,10465.0,L1_R,R,Roughly traced,ol_intrinsic,L1,VFB_jrmc2ehx,,,,,,,,,,,,,,,,,,,,,,,,,Traced,MaleCNS column annotation,glutamate,-1,0,0.0,0.0
19.0,22.0,36579,L1,10465.0,L1_R,R,Roughly traced,ol_intrinsic,L1,VFB_jrmc2dn1,,,,,,,,,,,,,,,,,,,,,,,,,Traced,MaleCNS column annotation,glutamate,-1,0,-1.0,1.7320508075688772
20.0,20.0,37117,L1,10465.0,L1_R,R,Roughly traced,ol_intrinsic,L1,VFB_jrmc2dpd,,,,,,,,,,,,,,,,,,,,,,,,,Traced,MaleCNS column annotation,glutamate,-1,0,1.0,0.0
20.0,19.0,38186,L1,10465.0,L1_R,R,Roughly traced,ol_intrinsic,L1,VFB_jrmc2em4,,,,,,,,,,,,,,,,,,,,,,,,,Traced,MaleCNS column annotation,glutamate,-1,0,1.5,-0.8660254037844386
19.0,21.0,38366,L1,10465.0,L1_R,R,Roughly traced,ol_intrinsic,L1,VFB_jrmc2dns,,,,,,,,,,,,,,,,,,,,,,,,,Traced,MaleCNS column annotation,glutamate,-1,0,-0.5,0.8660254037844386
17.0,20.0,39519,L1,10465.0,L1_R,R,Roughly traced,ol_intrinsic,L1,VFB_jrmc2di4,,,,,,,,,,,,,,,,,,,,,,,,,Traced,MaleCNS column annotation,glutamate,-1,0,-2.0,0.0
20.0,22.0,39841,L1,10465.0,L1_R,R,Roughly traced,ol_intrinsic,L1,VFB_jrmc2dgl,,,,,,,,,,,,,,,,,,,,,,,,,Traced,MaleCNS column annotation,glutamate,-1,0,0.0,1.7320508075688772
19.0,19.0,82753,L3,10694.0,L3_R,R,Roughly traced,ol_intrinsic,L3,VFB_jrmc29n4,,,,,,,,,,,,,,,,,,,,,,,,,Traced,MaleCNS column annotation,acetylcholine,1,1,0.5,-0.8660254037844386
18.0,18.0,84014,L3,10694.0,L3_R,R,Roughly traced,ol_intrinsic,L3,VFB_jrmc29fs,,,,,,,,,,,,,,,,,,,,,,,,,Traced,MaleCNS column annotation,acetylcholine,1,1,0.0,-1.7320508075688772
19.0,18.0,86029,L3,10694.0,L3_R,R,Roughly traced,ol_intrinsic,L3,VFB_jrmc2g8x,,,,,,,,,,,,,,,,,,,,,,,,,Traced,MaleCNS column annotation,acetylcholine,1,1,1.0,-1.7320508075688772
20.0,19.0,89449,L3,10694.0,L3_R,R,Roughly traced,ol_intrinsic,L3,VFB_jrmc29tx,,,,,,,,,,,,,,,,,,,,,,,,,Traced,MaleCNS column annotation,acetylcholine,1,1,1.5,-0.8660254037844386
18.0,19.0,91700,L3,10694.0,L3_R,R,Roughly traced,ol_intrinsic,L3,VFB_jrmc29q0,,,,,,,,,,,,,,,,,,,,,,,,,Traced,MaleCNS column annotation,acetylcholine,1,1,-0.5,-0.8660254037844386
21.0,20.0,94021,L3,10694.0,L3_R,R,Roughly traced,ol_intrinsic,L3,VFB_jrmc2gj5,,,,,,,,,,,,,,,,,,,,,,,,,Traced,MaleCNS column annotation,acetylcholine,1,1,2.0,0.0
17.0,19.0,100235,L3,10694.0,L3_R,R,Roughly traced,ol_intrinsic,L3,VFB_jrmc2gb0,,,,,,,,,,,,,,,,,,,,,,,,,Traced,MaleCNS column annotation,acetylcholine,1,1,-1.5,-0.8660254037844386
20.0,20.0,101292,L3,10694.0,L3_R,R,Roughly traced,ol_intrinsic,L3,VFB_jrmc29s1,,,,,,,,,,,,,,,,,,,,,,,,,Traced,MaleCNS column annotation,acetylcholine,1,1,1.0,0.0
20.0,21.0,102805,L3,10694.0,L3_R,R,Roughly traced,ol_intrinsic,L3,VFB_jrmc2gl5,,,,,,,,,,,,,,,,,,,,,,,,,Traced,MaleCNS column annotation,acetylcholine,1,1,0.5,0.8660254037844386
17.0,18.0,103150,L3,10694.0,L3_R,R,Roughly traced,ol_intrinsic,L3,VFB_jrmc29ra,,,,,,,,,,,,,,,,,,,,,,,,,Traced,MaleCNS column annotation,acetylcholine,1,1,-1.0,-1.7320508075688772
18.0,20.0,108105,L3,10694.0,L3_R,R,Roughly traced,ol_intrinsic,L3,VFB_jrmc2gvb,,,,,,,,,,,,,,,,,,,,,,,,,Traced,MaleCNS column annotation,acetylcholine,1,1,-1.0,0.0
18.0,21.0,110124,L3,10694.0,L3_R,R,Roughly traced,ol_intrinsic,L3,VFB_jrmc29st,,,,,,,,,,,,,,,,,,,,,,,,,Traced,MaleCNS column annotation,acetylcholine,1,1,-1.5,0.8660254037844386
19.0,20.0,113138,L3,10694.0,L3_R,R,Roughly traced,ol_intrinsic,L3,VFB_jrmc2gdx,,,,,,,,,,,,,,,,,,,,,,,,,Traced,MaleCNS column annotation,acetylcholine,1,1,0.0,0.0
21.0,22.0,113168,L3,10694.0,L3_R,R,Roughly traced,ol_intrinsic,L3,VFB_jrmc29cu,,,,,,,,,,,,,,,,,,,,,,,,,Traced,MaleCNS column annotation,acetylcholine,1,1,1.0,1.7320508075688772
19.0,21.0,114687,L3,10694.0,L3_R,R,Roughly traced,ol_intrinsic,L3,VFB_jrmc2gif,,,,,,,,,,,,,,,,,,,,,,,,,Traced,MaleCNS column annotation,acetylcholine,1,1,-0.5,0.8660254037844386
19.0,22.0,118803,L3,10694.0,L3_R,R,Roughly traced,ol_intrinsic,L3,VFB_jrmc29ni,,,,,,,,,,,,,,,,,,,,,,,,,Traced,MaleCNS column annotation,acetylcholine,1,1,-1.0,1.7320508075688772
17.0,20.0,119068,L3,10694.0,L3_R,R,Roughly traced,ol_intrinsic,L3,VFB_jrmc2gx9,,,,,,,,,,,,,,,,,,,,,,,,,Traced,MaleCNS column annotation,acetylcholine,1,1,-2.0,0.0
20.0,22.0,130867,L3,10694.0,L3_R,R,Roughly traced,ol_intrinsic,L3,VFB_jrmc2gsc,,,,,,,,,,,,,,,,,,,,,,,,,Traced,MaleCNS column annotation,acetylcholine,1,1,0.0,1.7320508075688772
21.0,21.0,155884,L3,10694.0,L3_R,R,Roughly traced,ol_intrinsic,L3,VFB_jrmc2h0v,,,,,,,,,,,,,,,,,,,,,,,,,Traced,MaleCNS column annotation,acetylcholine,1,1,1.5,0.8660254037844386
19.0,21.0,33462,Mi1,12473.0,Mi1_R,R,Roughly traced,ol_intrinsic,Mi1,VFB_jrmc1wrl,,,,,,,,,,,,,,,,,,,,,,,[11854 35947 27676],,Traced,MaleCNS column annotation,acetylcholine,1,2,-0.5,0.8660254037844386
19.0,19.0,33907,Mi1,12473.0,Mi1_R,R,Roughly traced,ol_intrinsic,Mi1,VFB_jrmc1wmz,,,,,,,,,,,,,,,,,,,,,,,[ 3478 39228 33548],,Traced,MaleCNS column annotation,acetylcholine,1,2,0.5,-0.8660254037844386
17.0,20.0,34057,Mi1,12473.0,Mi1_R,R,Roughly traced,ol_intrinsic,Mi1,VFB_jrmc1wq2,,,,,,,,,,,,,,,,,,,,,,,[18080 38992 22046],,Traced,MaleCNS column annotation,acetylcholine,1,2,-2.0,0.0
19.0,18.0,34189,Mi1,12473.0,Mi1_R,R,Roughly traced,ol_intrinsic,Mi1,VFB_jrmc1wsv,,,,,,,,,,,,,,,,,,,,,,,[ 3730 40213 32851],,Traced,MaleCNS column annotation,acetylcholine,1,2,1.0,-1.7320508075688772
17.0,18.0,34479,Mi1,12473.0,Mi1_R,R,Roughly traced,ol_intrinsic,Mi1,VFB_jrmc1wsn,,,,,,,,,,,,,,,,,,,,,,,[ 4661 40819 31957],,Traced,MaleCNS column annotation,acetylcholine,1,2,-1.0,-1.7320508075688772
18.0,21.0,34849,Mi1,12473.0,Mi1_R,R,Roughly traced,ol_intrinsic,Mi1,VFB_jrmc1vqa,,,,,,,,,,,,,,,,,,,,,,,[17871 36257 21854],,Traced,MaleCNS column annotation,acetylcholine,1,2,-1.5,0.8660254037844386
19.0,20.0,35405,Mi1,12473.0,Mi1_R,R,Roughly traced,ol_intrinsic,Mi1,VFB_jrmc1wsb,,,,,,,,,,,,,,,,,,,,,,,[16129 36180 23725],,Traced,MaleCNS column annotation,acetylcholine,1,2,0.0,0.0
20.0,19.0,35836,Mi1,12473.0,Mi1_R,R,Roughly traced,ol_intrinsic,Mi1,VFB_jrmc1wt5,,,,,,,,,,,,,,,,,,,,,,,[ 3276 37678 33016],,Traced,MaleCNS column annotation,acetylcholine,1,2,1.5,-0.8660254037844386
18.0,19.0,36252,Mi1,12473.0,Mi1_R,R,Roughly traced,ol_intrinsic,Mi1,VFB_jrmc1vwv,,,,,,,,,,,,,,,,,,,,,,,[ 7660 39232 30276],,Traced,MaleCNS column annotation,acetylcholine,1,2,-0.5,-0.8660254037844386
21.0,22.0,36533,Mi1,12473.0,Mi1_R,R,Roughly traced,ol_intrinsic,Mi1,VFB_jrmc1vqp,,,,,,,,,,,,,,,,,,,,,,,[ 2968 34838 32978],,Traced,MaleCNS column annotation,acetylcholine,1,2,1.0,1.7320508075688772
20.0,22.0,36540,Mi1,12473.0,Mi1_R,R,Roughly traced,ol_intrinsic,Mi1,VFB_jrmc1w8u,,,,,,,,,,,,,,,,,,,,,,,[14191 34367 24803],,Traced,MaleCNS column annotation,acetylcholine,1,2,0.0,1.7320508075688772
20.0,20.0,37000,Mi1,12473.0,Mi1_R,R,Roughly traced,ol_intrinsic,Mi1,VFB_jrmc1vzv,,,,,,,,,,,,,,,,,,,,,,,[ 3092 36998 33262],,Traced,MaleCNS column annotation,acetylcholine,1,2,1.0,0.0
21.0,21.0,39158,Mi1,12473.0,Mi1_R,R,Roughly traced,ol_intrinsic,Mi1,VFB_jrmc1wml,,,,,,,,,,,,,,,,,,,,,,,[ 3245 36183 32533],,Traced,MaleCNS column annotation,acetylcholine,1,2,1.5,0.8660254037844386
17.0,19.0,51122,Mi1,12473.0,Mi1_R,R,Roughly traced,ol_intrinsic,Mi1,VFB_jrmc1wqj,,,,,,,,,,,,,,,,,,,,,,,,[13699 38749 25796],Traced,MaleCNS column annotation,acetylcholine,1,2,-1.5,-0.8660254037844386
18.0,20.0,53065,Mi1,12473.0,Mi1_R,R,Roughly traced,ol_intrinsic,Mi1,VFB_jrmc1wky,,,,,,,,,,,,,,,,,,,,,,,,[14149 38093 24990],Traced,MaleCNS column annotation,acetylcholine,1,2,-1.0,0.0
19.0,22.0,55976,Mi1,12473.0,Mi1_R,R,Roughly traced,ol_intrinsic,Mi1,VFB_jrmc1wsi,,,,,,,,,,,,,,,,,,,,,,,[ 4434 37424 31550],,Traced,MaleCNS column annotation,acetylcholine,1,2,-1.0,1.7320508075688772
18.0,18.0,56564,Mi1,12473.0,Mi1_R,R,Roughly traced,ol_intrinsic,Mi1,VFB_jrmc1vkf,,,,,,,,,,,,,,,,,,,,,,,[ 4245 41695 33226],,Traced,MaleCNS column annotation,acetylcholine,1,2,0.0,-1.7320508075688772
21.0,20.0,63420,Mi1,12473.0,Mi1_R,R,Roughly traced,ol_intrinsic,Mi1,VFB_jrmc1vte,,,,,,,,,,,,,,,,,,,,,,,[ 2799 35813 33273],,Traced,MaleCNS column annotation,acetylcholine,1,2,2.0,0.0
20.0,21.0,65671,Mi1,12473.0,Mi1_R,R,Roughly traced,ol_intrinsic,Mi1,VFB_jrmc1wsz,,,,,,,,,,,,,,,,,,,,,,,[ 4138 35328 31724],,Traced,MaleCNS column annotation,acetylcholine,1,2,0.5,0.8660254037844386
18.0,21.0,45857,Mi4,13579.0,Mi4_R,R,Roughly traced,ol_intrinsic,Mi4,VFB_jrmc1tg9,,,,,,,,,,,,,,,,,,,,,,,[15154 36902 24546],,Traced,MaleCNS column annotation,gaba,-1,3,-1.5,0.8660254037844386
17.0,20.0,45965,Mi4,13579.0,Mi4_R,R,Roughly traced,ol_intrinsic,Mi4,VFB_jrmc1t9y,,,,,,,,,,,,,,,,,,,,,,,[17527 36584 22122],,Traced,MaleCNS column annotation,gaba,-1,3,-2.0,0.0
18.0,18.0,46510,Mi4,13579.0,Mi4_R,R,Roughly traced,ol_intrinsic,Mi4,VFB_jrmc1sr5,,,,,,,,,,,,,,,,,,,,,,,[ 4830 40746 31568],,Traced,MaleCNS column annotation,gaba,-1,3,0.0,-1.7320508075688772
18.0,19.0,47874,Mi4,13579.0,Mi4_R,R,Roughly traced,ol_intrinsic,Mi4,VFB_jrmc1thr,,,,,,,,,,,,,,,,,,,,,,,[ 6922 39226 30658],,Traced,MaleCNS column annotation,gaba,-1,3,-0.5,-0.8660254037844386
17.0,19.0,50831,Mi4,13579.0,Mi4_R,R,Roughly traced,ol_intrinsic,Mi4,VFB_jrmc1sr6,,,,,,,,,,,,,,,,,,,,,,,[ 6037 42187 31236],,Traced,MaleCNS column annotation,gaba,-1,3,-1.5,-0.8660254037844386
19.0,19.0,51740,Mi4,13579.0,Mi4_R,R,Roughly traced,ol_intrinsic,Mi4,VFB_jrmc1trd,,,,,,,,,,,,,,,,,,,,,,,[10327 38083 30182],,Traced,MaleCNS column annotation,gaba,-1,3,0.5,-0.8660254037844386
19.0,21.0,52496,Mi4,13579.0,Mi4_R,R,Roughly traced,ol_intrinsic,Mi4,VFB_jrmc1sig,,,,,,,,,,,,,,,,,,,,,,,[10872 35903 28373],,Traced,MaleCNS column annotation,gaba,-1,3,-0.5,0.8660254037844386
18.0,20.0,52617,Mi4,13579.0,Mi4_R,R,Roughly traced,ol_intrinsic,Mi4,VFB_jrmc1soi,,,,,,,,,,,,,,,,,,,,,,,[13704 37152 25248],,Traced,MaleCNS column annotation,gaba,-1,3,-1.0,0.0
21.0,21.0,53586,Mi4,13579.0,Mi4_R,R,Roughly traced,ol_intrinsic,Mi4,VFB_jrmc1t4y,,,,,,,,,,,,,,,,,,,,,,,[ 2948 35542 32858],,Traced,MaleCNS column annotation,gaba,-1,3,1.5,0.8660254037844386
21.0,22.0,54416,Mi4,13579.0,Mi4_R,R,Roughly traced,ol_intrinsic,Mi4,VFB_jrmc1t31,,,,,,,,,,,,,,,,,,,,,,,[ 4834 35162 31288],,Traced,MaleCNS column annotation,gaba,-1,3,1.0,1.7320508075688772
19.0,18.0,57363,Mi4,13579.0,Mi4_R,R,Roughly traced,ol_intrinsic,Mi4,VFB_jrmc1sss,,,,,,,,,,,,,,,,,,,,,,,[ 6096 39296 31644],,Traced,MaleCNS column annotation,gaba,-1,3,1.0,-1.7320508075688772
17.0,18.0,68773,Mi4,13579.0,Mi4_R,R,Roughly traced,ol_intrinsic,Mi4,VFB_jrmc1tob,,,,,,,,,,,,,,,,,,,,,,,[ 4347 40314 31949],,Traced,MaleCNS column annotation,gaba,-1,3,-1.0,-1.7320508075688772
20.0,21.0,80132,Mi4,13579.0,Mi4_R,R,Roughly traced,ol_intrinsic,Mi4,VFB_jrmc1t8p,,,,,,,,,,,,,,,,,,,,,,,[ 4036 37550 31657],,Traced,MaleCNS column annotation,gaba,-1,3,0.5,0.8660254037844386
21.0,20.0,81086,Mi4,13579.0,Mi4_R,R,Roughly traced,ol_intrinsic,Mi4,VFB_jrmc1suq,,,,,,,,,,,,,,,,,,,,,,,[ 3116 36520 33758],,Traced,MaleCNS column annotation,gaba,-1,3,2.0,0.0
20.0,20.0,82598,Mi4,13579.0,Mi4_R,R,Roughly traced,ol_intrinsic,Mi4,VFB_jrmc1tq3,,,,,,,,,,,,,,,,,,,,,,,[ 3675 37968 32144],,Traced,MaleCNS column annotation,gaba,-1,3,1.0,0.0
20.0,19.0,84394,Mi4,13579.0,Mi4_R,R,Roughly traced,ol_intrinsic,Mi4,VFB_jrmc1t4o,,,,,,,,,,,,,,,,,,,,,,,[ 3506 38758 32720],,Traced,MaleCNS column annotation,gaba,-1,3,1.5,-0.8660254037844386
19.0,20.0,88452,Mi4,13579.0,Mi4_R,R,Roughly traced,ol_intrinsic,Mi4,VFB_jrmc1smd,,,,,,,,,,,,,,,,,,,,,,,[ 4433 38224 31825],,Traced,MaleCNS column annotation,gaba,-1,3,0.0,0.0
20.0,22.0,93940,Mi4,13579.0,Mi4_R,R,Roughly traced,ol_intrinsic,Mi4,VFB_jrmc1td6,,,,,,,,,,,,,,,,,,,,,,,[ 4706 34408 31800],,Traced,MaleCNS column annotation,gaba,-1,3,0.0,1.7320508075688772
19.0,22.0,554352,Mi4,13579.0,Mi4_R,R,Roughly traced,ol_intrinsic,Mi4,VFB_jrmc1tp8,,,,,,,,,,,,,,,,,,,,,,,[ 4652 37736 31340],,Traced,MaleCNS column annotation,gaba,-1,3,-1.0,1.7320508075688772
18.0,18.0,59797,Mi9,11461.0,Mi9_R,R,Roughly traced,ol_intrinsic,Mi9,VFB_jrmc1mph,,,,,,,,,,,,,,,,,,,,,,,[ 4622 41030 32566],,Traced,MaleCNS column annotation,glutamate,-1,4,0.0,-1.7320508075688772
17.0,20.0,61492,Mi9,11461.0,Mi9_R,R,Roughly traced,ol_intrinsic,Mi9,VFB_jrmc1n7n,,,,,,,,,,,,,,,,,,,,,,,[15744 39232 24750],,Traced,MaleCNS column annotation,glutamate,-1,4,-2.0,0.0
19.0,18.0,63139,Mi9,11461.0,Mi9_R,R,Roughly traced,ol_intrinsic,Mi9,VFB_jrmc1mrm,,,,,,,,,,,,,,,,,,,,,,,[ 4754 39514 31778],,Traced,MaleCNS column annotation,glutamate,-1,4,1.0,-1.7320508075688772
17.0,18.0,64123,Mi9,11461.0,Mi9_R,R,Roughly traced,ol_intrinsic,Mi9,VFB_jrmc1neu,,,,,,,,,,,,,,,,,,,,,,,[ 6061 40252 31101],,Traced,MaleCNS column annotation,glutamate,-1,4,-1.0,-1.7320508075688772
17.0,19.0,64903,Mi9,11461.0,Mi9_R,R,Roughly traced,ol_intrinsic,Mi9,VFB_jrmc1mag,,,,,,,,,,,,,,,,,,,,,,,[ 6654 39758 31012],,Traced,MaleCNS column annotation,glutamate,-1,4,-1.5,-0.8660254037844386
19.0,20.0,65868,Mi9,11461.0,Mi9_R,R,Roughly traced,ol_intrinsic,Mi9,VFB_jrmc1mcg,,,,,,,,,,,,,,,,,,,,,,,[ 6207 37303 31310],,Traced,MaleCNS column annotation,glutamate,-1,4,0.0,0.0
18.0,19.0,67916,Mi9,11461.0,Mi9_R,R,Roughly traced,ol_intrinsic,Mi9,VFB_jrmc1nbj,,,,,,,,,,,,,,,,,,,,,,,[ 8923 39497 29911],,Traced,MaleCNS column annotation,glutamate,-1,4,-0.5,-0.8660254037844386
21.0,20.0,69911,Mi9,11461.0,Mi9_R,R,Roughly traced,ol_intrinsic,Mi9,VFB_jrmc1mlx,,,,,,,,,,,,,,,,,,,,,,,[ 4102 36439 33158],,Traced,MaleCNS column annotation,glutamate,-1,4,2.0,0.0
18.0,20.0,70528,Mi9,11461.0,Mi9_R,R,Roughly traced,ol_intrinsic,Mi9,VFB_jrmc1m4p,,,,,,,,,,,,,,,,,,,,,,,[ 6504 38916 30840],,Traced,MaleCNS column annotation,glutamate,-1,4,-1.0,0.0
20.0,19.0,71700,Mi9,11461.0,Mi9_R,R,Roughly traced,ol_intrinsic,Mi9,VFB_jrmc1mry,,,,,,,,,,,,,,,,,,,,,,,[ 5028 37983 32102],,Traced,MaleCNS column annotation,glutamate,-1,4,1.5,-0.8660254037844386
19.0,21.0,72226,Mi9,11461.0,Mi9_R,R,Roughly traced,ol_intrinsic,Mi9,VFB_jrmc1nci,,,,,,,,,,,,,,,,,,,,,,,[10362 35840 29016],,Traced,MaleCNS column annotation,glutamate,-1,4,-0.5,0.8660254037844386
20.0,20.0,72364,Mi9,11461.0,Mi9_R,R,Roughly traced,ol_intrinsic,Mi9,VFB_jrmc1mhc,,,,,,,,,,,,,,,,,,,,,,,[ 6070 36083 31507],,Traced,MaleCNS column annotation,glutamate,-1,4,1.0,0.0
20.0,21.0,73406,Mi9,11461.0,Mi9_R,R,Roughly traced,ol_intrinsic,Mi9,VFB_jrmc1n3h,,,,,,,,,,,,,,,,,,,,,,,[ 4728 35562 31300],,Traced,MaleCNS column annotation,glutamate,-1,4,0.5,0.8660254037844386
18.0,21.0,73568,Mi9,11461.0,Mi9_R,R,Roughly traced,ol_intrinsic,Mi9,VFB_jrmc1mat,,,,,,,,,,,,,,,,,,,,,,,[14604 36960 24728],,Traced,MaleCNS column annotation,glutamate,-1,4,-1.5,0.8660254037844386
20.0,22.0,75099,Mi9,11461.0,Mi9_R,R,Roughly traced,ol_intrinsic,Mi9,VFB_jrmc1mrn,,,,,,,,,,,,,,,,,,,,,,,[ 7060 33258 30500],,Traced,MaleCNS column annotation,glutamate,-1,4,0.0,1.7320508075688772
21.0,21.0,75234,Mi9,11461.0,Mi9_R,R,Roughly traced,ol_intrinsic,Mi9,VFB_jrmc1mb3,,,,,,,,,,,,,,,,,,,,,,,[ 4648 36049 31862],,Traced,MaleCNS column annotation,glutamate,-1,4,1.5,0.8660254037844386
19.0,19.0,100829,Mi9,11461.0,Mi9_R,R,Roughly traced,ol_intrinsic,Mi9,VFB_jrmc1m3r,,,,,,,,,,,,,,,,,,,,,,,[ 4474 39644 31576],,Traced,MaleCNS column annotation,glutamate,-1,4,0.5,-0.8660254037844386
19.0,22.0,102927,Mi9,11461.0,Mi9_R,R,Roughly traced,ol_intrinsic,Mi9,VFB_jrmc1msi,,,,,,,,,,,,,,,,,,,,,,,[ 6516 35096 30694],,Traced,MaleCNS column annotation,glutamate,-1,4,-1.0,1.7320508075688772
21.0,22.0,107238,Mi9,11461.0,Mi9_R,R,Roughly traced,ol_intrinsic,Mi9,VFB_jrmc1mxl,,,,,,,,,,,,,,,,,,,,,,,[ 4263 34144 32189],,Traced,MaleCNS column annotation,glutamate,-1,4,1.0,1.7320508075688772
17.874015748031496,17.677165354330707,79271,T4a,13882.0,T4a_R,R,Roughly traced,ol_intrinsic,T4a,VFB_jrmc109b,,,,,,,,,,,,,,,,,,,,,,,[22966 35520 42402],,Traced,input-weighted medulla centroid,acetylcholine,1,6,0.03543307086614256,-2.0116338119402326
16.850746268656717,18.67910447761194,83979,T4a,13882.0,T4a_R,R,Roughly traced,ol_intrinsic,T4a,VFB_jrmc113v,,,,,,,,,,,,,,,,,,,,,,,[21504 34576 42560],,Traced,input-weighted medulla centroid,acetylcholine,1,6,-1.4888059701492526,-1.1439290781331766
19.401459854014597,21.284671532846716,85126,T4a,13882.0,T4a_R,R,Roughly traced,ol_intrinsic,T4a,VFB_jrmc111p,,,,,,,,,,,,,,,,,,,,,,,[19488 33302 42708],,Traced,input-weighted medulla centroid,acetylcholine,1,6,-0.24087591240876094,1.1125581829639506
17.95689655172414,19.646551724137932,90465,T4a,13882.0,T4a_R,R,Roughly traced,ol_intrinsic,T4a,VFB_jrmc11fq,,,,,,,,,,,,,,,,,,,,,,,[20288 32776 42618],,Traced,input-weighted medulla centroid,acetylcholine,1,6,-0.8663793103448274,-0.30609518582036077
19.766423357664234,18.744525547445257,91806,T4a,13882.0,T4a_R,R,Roughly traced,ol_intrinsic,T4a,VFB_jrmc11is,,,,,,,,,,,,,,,,,,,,,,,[18675 33943 42712],,Traced,input-weighted medulla centroid,acetylcholine,1,6,1.3941605839416056,-1.0872727697147686
17.881944444444443,18.57638888888889,92706,T4a,13882.0,T4a_R,R,Roughly traced,ol_intrinsic,T4a,VFB_jrmc11jn,,,,,,,,,,,,,,,,,,,,,,,[22020 34602 42023],,Traced,input-weighted medulla centroid,acetylcholine,1,6,-0.4062500000000018,-1.2328833873320129
18.72566371681416,21.58407079646018,92842,T4a,13882.0,T4a_R,R,Roughly traced,ol_intrinsic,T4a,VFB_jrmc10co,,,,,,,,,,,,,,,,,,,,,,,[20810 32944 42656],,Traced,input-weighted medulla centroid,acetylcholine,1,6,-1.0663716814159283,1.3718455511275631
18.742857142857144,19.695238095238096,92996,T4a,13882.0,T4a_R,R,Roughly traced,ol_intrinsic,T4a,VFB_jrmc111k,,,,,,,,,,,,,,,,,,,,,,,[19660 33118 42364],,Traced,input-weighted medulla centroid,acetylcholine,1,6,-0.10476190476190439,-0.26393155162954224
18.044642857142858,20.866071428571427,93566,T4a,13882.0,T4a_R,R,Roughly traced,ol_intrinsic,T4a,VFB_jrmc11ct,,,,,,,,,,,,,,,,,,,,,,,[20528 33288 42232],,Traced,input-weighted medulla centroid,acetylcholine,1,6,-1.3883928571428559,0.7500398586347357
21.014598540145986,19.817518248175183,93972,T4a,13882.0,T4a_R,R,Roughly traced,ol_intrinsic,T4a,VFB_jrmc10hn,,,,,,,,,,,,,,,,,,,,,,,[18682 32934 42206],,Traced,input-weighted medulla centroid,acetylcholine,1,6,2.1058394160583944,-0.15803383280737862
18.936936936936938,18.846846846846848,94305,T4a,13882.0,T4a_R,R,Roughly traced,ol_intrinsic,T4a,VFB_jrmc11ji,,,,,,,,,,,,,,,,,,,,,,,[18850 33272 42274],,Traced,input-weighted medulla centroid,acetylcholine,1,6,0.513513513513514,-0.9986599250847571
19.95,19.67142857142857,94624,T4a,13882.0,T4a_R,R,Roughly traced,ol_intrinsic,T4a,VFB_jrmc10j7,,,,,,,,,,,,,,,,,,,,,,,[19958 33698 42304],,Traced,input-weighted medulla centroid,acetylcholine,1,6,1.1142857142857139,-0.2845512041006018
18.73469387755102,17.714285714285715,95005,T4a,13882.0,T4a_R,R,Roughly traced,ol_intrinsic,T4a,VFB_jrmc10gy,,,,,,,,,,,,,,,,,,,,,,,[20356 33690 42270],,Traced,input-weighted medulla centroid,acetylcholine,1,6,0.8775510204081627,-1.9794866372215731
16.785185185185185,19.57777777777778,95883,T4a,13882.0,T4a_R,R,Roughly traced,ol_intrinsic,T4a,VFB_jrmc10zl,,,,,,,,,,,,,,,,,,,,,,,[20702 33742 42884],,Traced,input-weighted medulla centroid,acetylcholine,1,6,-2.003703703703705,-0.36565517048676166
19.858490566037737,20.68867924528302,102016,T4a,13882.0,T4a_R,R,Roughly traced,ol_intrinsic,T4a,VFB_jrmc10h0,,,,,,,,,,,,,,,,,,,,,,,[20144 32984 42278],,Traced,input-weighted medulla centroid,acetylcholine,1,6,0.5141509433962277,0.5964137214741891
20.75423728813559,21.652542372881356,102519,T4a,13882.0,T4a_R,R,Roughly traced,ol_intrinsic,T4a,VFB_jrmc10gh,,,,,,,,,,,,,,,,,,,,,,,[21835 32526 42568],,Traced,input-weighted medulla centroid,acetylcholine,1,6,0.9279661016949134,1.431143675745471
16.870967741935484,17.838709677419356,103022,T4a,13882.0,T4a_R,R,Roughly traced,ol_intrinsic,T4a,VFB_jrmc10e3,,,,,,,,,,,,,,,,,,,,,,,[22554 35218 42194],,Traced,input-weighted medulla centroid,acetylcholine,1,6,-1.048387096774194,-1.871732324308302
20.833333333333332,20.891666666666666,104191,T4a,13882.0,T4a_R,R,Roughly traced,ol_intrinsic,T4a,VFB_jrmc10go,,,,,,,,,,,,,,,,,,,,,,,[19409 32967 42094],,Traced,input-weighted medulla centroid,acetylcholine,1,6,1.3874999999999993,0.7722059850411236
16.935064935064936,18.116883116883116,92939,T4b,21218.0,T4b_R,R,Roughly traced,ol_intrinsic,T4b,VFB_jrmc12f1,,,,,,,,,,,,,,,,,,,,,,,[19744 36460 42418],,Traced,input-weighted medulla centroid,acetylcholine,1,7,-1.1233766233766218,-1.6308270590745928
17.925619834710744,18.181818181818183,95822,T4b,21218.0,T4b_R,R,Roughly traced,ol_intrinsic,T4b,VFB_jrmc0uwq,,,,,,,,,,,,,,,,,,,,,,,[20733 35311 42067],,Traced,input-weighted medulla centroid,acetylcholine,1,7,-0.16528925619834745,-1.5745916432444325
17.0,20.154545454545456,98099,T4b,21218.0,T4b_R,R,Roughly traced,ol_intrinsic,T4b,VFB_jrmc11lk,,,,,,,,,,,,,,,,,,,,,,,[21060 34736 42378],,Traced,input-weighted medulla centroid,acetylcholine,1,7,-2.077272727272728,0.1338402896757782
18.844036697247706,22.28440366972477,99628,T4b,21218.0,T4b_R,R,Roughly traced,ol_intrinsic,T4b,VFB_jrmc11lb,,,,,,,,,,,,,,,,,,,,,,,[19142 32678 42466],,Traced,input-weighted medulla centroid,acetylcholine,1,7,-1.2981651376146797,1.978351610480048
18.00735294117647,19.110294117647058,100867,T4b,21218.0,T4b_R,R,Roughly traced,ol_intrinsic,T4b,VFB_jrmc12dr,,,,,,,,,,,,,,,,,,,,,,,[22272 35530 42338],,Traced,input-weighted medulla centroid,acetylcholine,1,7,-0.547794117647058,-0.7705078960140969
20.102040816326532,20.1734693877551,101383,T4b,21218.0,T4b_R,R,Roughly traced,ol_intrinsic,T4b,VFB_jrmc12bx,,,,,,,,,,,,,,,,,,,,,,,[18364 33656 42628],,Traced,input-weighted medulla centroid,acetylcholine,1,7,1.0153061224489814,0.15022889657485128
19.175925925925927,20.14814814814815,101873,T4b,21218.0,T4b_R,R,Roughly traced,ol_intrinsic,T4b,VFB_jrmc12br,,,,,,,,,,,,,,,,,,,,,,,[19068 33980 42610],,Traced,input-weighted medulla centroid,acetylcholine,1,7,0.10185185185185297,0.1283000598199174
20.84328358208955,20.05223880597015,103654,T4b,21218.0,T4b_R,R,Roughly traced,ol_intrinsic,T4b,VFB_jrmc0uz2,,,,,,,,,,,,,,,,,,,,,,,[18486 32742 41963],,Traced,input-weighted medulla centroid,acetylcholine,1,7,1.817164179104477,0.045240133033514714
19.104,18.336,104257,T4b,21218.0,T4b_R,R,Roughly traced,ol_intrinsic,T4b,VFB_jrmc0uqy,,,,,,,,,,,,,,,,,,,,,,,[20940 35322 41788],,Traced,input-weighted medulla centroid,acetylcholine,1,7,0.9359999999999999,-1.441066271897307
20.04724409448819,21.20472440944882,104683,T4b,21218.0,T4b_R,R,Roughly traced,ol_intrinsic,T4b,VFB_jrmc0utq,,,,,,,,,,,,,,,,,,,,,,,[18370 32836 42328],,Traced,input-weighted medulla centroid,acetylcholine,1,7,0.4448818897637796,1.0433219431418823
19.95798319327731,19.26050420168067,105718,T4b,21218.0,T4b_R,R,Roughly traced,ol_intrinsic,T4b,VFB_jrmc0uuv,,,,,,,,,,,,,,,,,,,,,,,[20152 33923 42016],,Traced,input-weighted medulla centroid,acetylcholine,1,7,1.3277310924369754,-0.6404221473363924
17.81896551724138,20.974137931034484,106952,T4b,21218.0,T4b_R,R,Roughly traced,ol_intrinsic,T4b,VFB_jrmc0uov,,,,,,,,,,,,,,,,,,,,,,,[21033 33668 42065],,Traced,input-weighted medulla centroid,acetylcholine,1,7,-1.6681034482758612,0.8436281950658766
19.866666666666667,21.975,107170,T4b,21218.0,T4b_R,R,Roughly traced,ol_intrinsic,T4b,VFB_jrmc12gc,,,,,,,,,,,,,,,,,,,,,,,[19634 32530 42198],,Traced,input-weighted medulla centroid,acetylcholine,1,7,-0.12083333333333357,1.7104001724742675
20.857142857142858,21.084033613445378,107719,T4b,21218.0,T4b_R,R,Roughly traced,ol_intrinsic,T4b,VFB_jrmc12ed,,,,,,,,,,,,,,,,,,,,,,,[18792 32582 42280],,Traced,input-weighted medulla centroid,acetylcholine,1,7,1.3151260504201687,0.9388006477999373
18.846774193548388,21.129032258064516,108307,T4b,21218.0,T4b_R,R,Roughly traced,ol_intrinsic,T4b,VFB_jrmc11zh,,,,,,,,,,,,,,,,,,,,,,,[20802 33016 42314],,Traced,input-weighted medulla centroid,acetylcholine,1,7,-0.7177419354838701,0.9777706171759789
16.879310344827587,19.086206896551722,109142,T4b,21218.0,T4b_R,R,Roughly traced,ol_intrinsic,T4b,VFB_jrmc12ev,,,,,,,,,,,,,,,,,,,,,,,[22182 34946 41888],,Traced,input-weighted medulla centroid,acetylcholine,1,7,-1.663793103448274,-0.7913680413892299
18.975409836065573,19.229508196721312,110646,T4b,21218.0,T4b_R,R,Roughly traced,ol_intrinsic,T4b,VFB_jrmc1286,,,,,,,,,,,,,,,,,,,,,,,[19474 33494 42262],,Traced,input-weighted medulla centroid,acetylcholine,1,7,0.3606557377049171,-0.6672654750470258
21.18811881188119,22.18811881188119,112179,T4b,21218.0,T4b_R,R,Roughly traced,ol_intrinsic,T4b,VFB_jrmc11rd,,,,,,,,,,,,,,,,,,,,,,,[20087 32230 42224],,Traced,input-weighted medulla centroid,acetylcholine,1,7,1.0940594059405946,1.8949664775877328
18.193877551020407,20.23469387755102,116716,T4b,21218.0,T4b_R,R,Roughly traced,ol_intrinsic,T4b,VFB_jrmc127k,,,,,,,,,,,,,,,,,,,,,,,[21406 34976 42388],,Traced,input-weighted medulla centroid,acetylcholine,1,7,-0.9234693877551035,0.20325086007185797
19.962962962962962,20.94814814814815,86686,T4c,16122.0,T4c_R,R,Roughly traced,ol_intrinsic,T4c,VFB_jrmc0vbp,,,,,,,,,,,,,,,,,,,,,,,[20452 32080 42279],,Traced,input-weighted medulla centroid,acetylcholine,1,8,0.48888888888888715,0.8211203828474689
18.025862068965516,18.301724137931036,88625,T4c,16122.0,T4c_R,R,Roughly traced,ol_intrinsic,T4c,VFB_jrmc0v6y,,,,,,,,,,,,,,,,,,,,,,,[20910 33959 42317],,Traced,input-weighted medulla centroid,acetylcholine,1,8,-0.12500000000000178,-1.4707500391856405
17.228571428571428,17.935714285714287,89434,T4c,16122.0,T4c_R,R,Roughly traced,ol_intrinsic,T4c,VFB_jrmc0vkb,,,,,,,,,,,,,,,,,,,,,,,[22732 34956 42432],,Traced,input-weighted medulla centroid,acetylcholine,1,8,-0.7392857142857157,-1.787723869240733
19.03361344537815,19.96638655462185,90049,T4c,16122.0,T4c_R,R,Roughly traced,ol_intrinsic,T4c,VFB_jrmc0vq7,,,,,,,,,,,,,,,,,,,,,,,[20474 33106 42508],,Traced,input-weighted medulla centroid,acetylcholine,1,8,0.05042016806722671,-0.029110097606199512
20.251968503937007,20.10236220472441,91283,T4c,16122.0,T4c_R,R,Roughly traced,ol_intrinsic,T4c,VFB_jrmc0vjw,,,,,,,,,,,,,,,,,,,,,,,[17976 33038 42542],,Traced,input-weighted medulla centroid,acetylcholine,1,8,1.200787401574802,0.08864826967872344
18.156028368794328,20.94326241134752,92114,T4c,16122.0,T4c_R,R,Roughly traced,ol_intrinsic,T4c,VFB_jrmc0w2f,,,,,,,,,,,,,,,,,,,,,,,[21269 34122 42628],,Traced,input-weighted medulla centroid,acetylcholine,1,8,-1.3156028368794317,0.816889210661918
21.189393939393938,21.09090909090909,98118,T4c,16122.0,T4c_R,R,Roughly traced,ol_intrinsic,T4c,VFB_jrmc0w33,,,,,,,,,,,,,,,,,,,,,,,[18690 33064 42552],,Traced,input-weighted medulla centroid,acetylcholine,1,8,1.6439393939393927,0.9447549859466594
18.941176470588236,21.218487394957982,98985,T4c,16122.0,T4c_R,R,Roughly traced,ol_intrinsic,T4c,VFB_jrmc0w1o,,,,,,,,,,,,,,,,,,,,,,,[20902 33342 42484],,Traced,input-weighted medulla centroid,acetylcholine,1,8,-0.6680672268907557,1.0552410382247355
17.23404255319149,19.680851063829788,99922,T4c,16122.0,T4c_R,R,Roughly traced,ol_intrinsic,T4c,VFB_jrmc0w69,,,,,,,,,,,,,,,,,,,,,,,[22410 33150 42284],,Traced,input-weighted medulla centroid,acetylcholine,1,8,-1.6063829787234045,-0.2763910863141817
20.015873015873016,19.03174603174603,101043,T4c,16122.0,T4c_R,R,Roughly traced,ol_intrinsic,T4c,VFB_jrmc0w55,,,,,,,,,,,,,,,,,,,,,,,[19056 33024 42168],,Traced,input-weighted medulla centroid,acetylcholine,1,8,1.5,-0.838532533823028
21.485915492957748,20.1056338028169,101480,T4c,16122.0,T4c_R,R,Roughly traced,ol_intrinsic,T4c,VFB_jrmc0wc0,,,,,,,,,,,,,,,,,,,,,,,[18861 32358 42016],,Traced,input-weighted medulla centroid,acetylcholine,1,8,2.4330985915492978,0.09148155673779172
19.008333333333333,22.225,102462,T4c,16122.0,T4c_R,R,Roughly traced,ol_intrinsic,T4c,VFB_jrmc0v76,,,,,,,,,,,,,,,,,,,,,,,[21094 32532 42728],,Traced,input-weighted medulla centroid,acetylcholine,1,8,-1.1041666666666679,1.926906523420377
19.8978102189781,22.065693430656935,102741,T4c,16122.0,T4c_R,R,Roughly traced,ol_intrinsic,T4c,VFB_jrmc0vgq,,,,,,,,,,,,,,,,,,,,,,,[21562 32017 42733],,Traced,input-weighted medulla centroid,acetylcholine,1,8,-0.13503649635036652,1.7889429873795348
19.189393939393938,19.075757575757574,102791,T4c,16122.0,T4c_R,R,Roughly traced,ol_intrinsic,T4c,VFB_jrmc0ve7,,,,,,,,,,,,,,,,,,,,,,,[21148 32990 42534],,Traced,input-weighted medulla centroid,acetylcholine,1,8,0.6515151515151505,-0.8004174186492551
17.81904761904762,19.80952380952381,103479,T4c,16122.0,T4c_R,R,Roughly traced,ol_intrinsic,T4c,VFB_jrmc0v96,,,,,,,,,,,,,,,,,,,,,,,[21749 33563 42114],,Traced,input-weighted medulla centroid,acetylcholine,1,8,-1.0857142857142854,-0.16495721976846392
18.93,18.65,105698,T4c,16122.0,T4c_R,R,Roughly traced,ol_intrinsic,T4c,VFB_jrmc0w9u,,,,,,,,,,,,,,,,,,,,,,,[20085 33369 42344],,Traced,input-weighted medulla centroid,acetylcholine,1,8,0.6050000000000004,-1.1691342951089934
21.050420168067227,22.016806722689076,106922,T4c,16122.0,T4c_R,R,Roughly traced,ol_intrinsic,T4c,VFB_jrmc0vdv,,,,,,,,,,,,,,,,,,,,,,,[18764 31076 42676],,Traced,input-weighted medulla centroid,acetylcholine,1,8,1.042016806722689,1.7466058563719769
19.904761904761905,18.82857142857143,87424,T4d,22003.0,T4d_R,R,Roughly traced,ol_intrinsic,T4d,VFB_jrmc0xhd,,,,,,,,,,,,,,,,,,,,,,,[19038 33250 42674],,Traced,input-weighted medulla centroid,acetylcholine,1,9,1.4904761904761905,-1.014486901576056
19.10948905109489,17.956204379562045,89290,T4d,22003.0,T4d_R,R,Roughly traced,ol_intrinsic,T4d,VFB_jrmc0wtk,,,,,,,,,,,,,,,,,,,,,,,[20063 34515 42954],,Traced,input-weighted medulla centroid,acetylcholine,1,9,1.1313868613138673,-1.7699789274426467
19.97196261682243,21.121495327102803,95364,T4d,22003.0,T4d_R,R,Roughly traced,ol_intrinsic,T4d,VFB_jrmc0xlv,,,,,,,,,,,,,,,,,,,,,,,[20081 33641 42676],,Traced,input-weighted medulla centroid,acetylcholine,1,9,0.4112149532710294,0.971243443496566
18.0,19.024193548387096,95458,T4d,22003.0,T4d_R,R,Roughly traced,ol_intrinsic,T4d,VFB_jrmc0xre,,,,,,,,,,,,,,,,,,,,,,,[22523 34673 42058],,Traced,input-weighted medulla centroid,acetylcholine,1,9,-0.512096774193548,-0.8450731762735254
18.098214285714285,17.892857142857142,97171,T4d,22003.0,T4d_R,R,Roughly traced,ol_intrinsic,T4d,VFB_jrmc0wxt,,,,,,,,,,,,,,,,,,,,,,,[22594 35630 42220],,Traced,input-weighted medulla centroid,acetylcholine,1,9,0.15178571428571352,-1.824839243688639
18.97142857142857,19.923809523809524,97249,T4d,22003.0,T4d_R,R,Roughly traced,ol_intrinsic,T4d,VFB_jrmc0x08,,,,,,,,,,,,,,,,,,,,,,,[22060 34710 42775],,Traced,input-weighted medulla centroid,acetylcholine,1,9,0.00952380952380949,-0.06598288790738556
19.194690265486727,21.04424778761062,97872,T4d,22003.0,T4d_R,R,Roughly traced,ol_intrinsic,T4d,VFB_jrmc0wjq,,,,,,,,,,,,,,,,,,,,,,,[21471 32946 42139],,Traced,input-weighted medulla centroid,acetylcholine,1,9,-0.32743362831858214,0.9043451119164929
18.798319327731093,18.831932773109244,98381,T4d,22003.0,T4d_R,R,Roughly traced,ol_intrinsic,T4d,VFB_jrmc0xjr,,,,,,,,,,,,,,,,,,,,,,,[19740 33494 42508],,Traced,input-weighted medulla centroid,acetylcholine,1,9,0.382352941176471,-1.011575891815436
17.05128205128205,18.88888888888889,98788,T4d,22003.0,T4d_R,R,Roughly traced,ol_intrinsic,T4d,VFB_jrmc0xgd,,,,,,,,,,,,,,,,,,,,,,,[21744 35118 42686],,Traced,input-weighted medulla centroid,acetylcholine,1,9,-1.3931623931623935,-0.9622504486493759
18.00877192982456,20.973684210526315,99423,T4d,22003.0,T4d_R,R,Roughly traced,ol_intrinsic,T4d,VFB_jrmc0wt4,,,,,,,,,,,,,,,,,,,,,,,[21862 33261 42560],,Traced,input-weighted medulla centroid,acetylcholine,1,9,-1.4780701754385959,0.8432352615795843
21.0,22.132530120481928,99863,T4d,22003.0,T4d_R,R,Roughly traced,ol_intrinsic,T4d,VFB_jrmc0wwk,,,,,,,,,,,,,,,,,,,,,,,[20122 31705 42264],,Traced,input-weighted medulla centroid,acetylcholine,1,9,0.9337349397590362,1.8468252586728389
21.028301886792452,20.08490566037736,100567,T4d,22003.0,T4d_R,R,Roughly traced,ol_intrinsic,T4d,VFB_jrmc0xok,,,,,,,,,,,,,,,,,,,,,,,[18970 32725 41976],,Traced,input-weighted medulla centroid,acetylcholine,1,9,1.9858490566037723,0.07353045881188676
17.0126582278481,19.860759493670887,100680,T4d,22003.0,T4d_R,R,Roughly traced,ol_intrinsic,T4d,VFB_jrmc0xqq,,,,,,,,,,,,,,,,,,,,,,,[21188 33496 42834],,Traced,input-weighted medulla centroid,acetylcholine,1,9,-1.917721518987344,-0.12058581571681967
18.02,20.08,103639,T4d,22003.0,T4d_R,R,Roughly traced,ol_intrinsic,T4d,VFB_jrmc0wws,,,,,,,,,,,,,,,,,,,,,,,[21514 32886 42458],,Traced,input-weighted medulla centroid,acetylcholine,1,9,-1.0199999999999996,0.06928203230275361
19.054054054054053,21.945945945945947,105574,T4d,22003.0,T4d_R,R,Roughly traced,ol_intrinsic,T4d,VFB_jrmc0xb6,,,,,,,,,,,,,,,,,,,,,,,[20636 31756 42758],,Traced,input-weighted medulla centroid,acetylcholine,1,9,-0.9189189189189211,1.6852386235805303
20.08108108108108,20.54954954954955,106793,T4d,22003.0,T4d_R,R,Roughly traced,ol_intrinsic,T4d,VFB_jrmc0wqz,,,,,,,,,,,,,,,,,,,,,,,[19895 31949 42373],,Traced,input-weighted medulla centroid,acetylcholine,1,9,0.8063063063063058,0.4759238705482051
19.872340425531913,22.01063829787234,111980,T4d,22003.0,T4d_R,R,Roughly traced,ol_intrinsic,T4d,VFB_jrmc0xnn,,,,,,,,,,,,,,,,,,,,,,,[21080 32374 42432],,Traced,input-weighted medulla centroid,acetylcholine,1,9,-0.13297872340425698,1.7412638437793497
16.8875,18.1,112321,T4d,22003.0,T4d_R,R,Roughly traced,ol_intrinsic,T4d,VFB_jrmc0x0a,,,,,,,,,,,,,,,,,,,,,,,[21756 36436 42744],,Traced,input-weighted medulla centroid,acetylcholine,1,9,-1.1625000000000014,-1.645448267190432
21.183333333333334,21.325,112775,T4d,22003.0,T4d_R,R,Roughly traced,ol_intrinsic,T4d,VFB_jrmc0wv8,,,,,,,,,,,,,,,,,,,,,,,[19534 32604 42468],,Traced,input-weighted medulla centroid,acetylcholine,1,9,1.520833333333334,1.1474836600143805
20.113636363636363,19.727272727272727,114391,T4d,22003.0,T4d_R,R,Roughly traced,ol_intrinsic,T4d,VFB_jrmc0xb5,,,,,,,,,,,,,,,,,,,,,,,[21576 33278 42224],,Traced,input-weighted medulla centroid,acetylcholine,1,9,1.25,-0.23618874648666563
17.45205479452055,17.71232876712329,61659,Tm3,13421.0,Tm3_R,R,Roughly traced,ol_intrinsic,Tm3,VFB_jrmc0mcc,,,,,,,,,,,,,,,,,,,,,,,[ 6934 42436 31072],,Traced,input-weighted medulla centroid,acetylcholine,1,5,-0.40410958904109506,-1.9811814031780983
17.545454545454547,18.545454545454547,66325,Tm3,13421.0,Tm3_R,R,Roughly traced,ol_intrinsic,Tm3,VFB_jrmc0mss,,,,,,,,,,,,,,,,,,,,,,,[16466 38442 23652],,Traced,input-weighted medulla centroid,acetylcholine,1,5,-0.7272727272727266,-1.2596733145955459
17.154761904761905,20.63095238095238,69597,Tm3,13421.0,Tm3_R,R,Roughly traced,ol_intrinsic,Tm3,VFB_jrmc0m4u,,,,,,,,,,,,,,,,,,,,,,,[18017 37780 21871],,Traced,input-weighted medulla centroid,acetylcholine,1,5,-2.1607142857142847,0.5464207904830375
19.69333333333333,18.28,73586,Tm3,13421.0,Tm3_R,R,Roughly traced,ol_intrinsic,Tm3,VFB_jrmc0mcd,,,,,,,,,,,,,,,,,,,,,,,[ 5092 40944 31824],,Traced,input-weighted medulla centroid,acetylcholine,1,5,1.553333333333331,-1.4895636945092334
17.363636363636363,19.7012987012987,73828,Tm3,13421.0,Tm3_R,R,Roughly traced,ol_intrinsic,Tm3,VFB_jrmc0flp,,,,,,,,,,,,,,,,,,,,,,,[11679 38238 28195],,Traced,input-weighted medulla centroid,acetylcholine,1,5,-1.487012987012987,-0.2586829128187292
18.294871794871796,21.615384615384617,74373,Tm3,13421.0,Tm3_R,R,Roughly traced,ol_intrinsic,Tm3,VFB_jrmc0m7x,,,,,,,,,,,,,,,,,,,,,,,[11374 35865 28067],,Traced,input-weighted medulla centroid,acetylcholine,1,5,-1.5128205128205128,1.3989641138056328
16.53731343283582,17.880597014925375,75484,Tm3,13421.0,Tm3_R,R,Roughly traced,ol_intrinsic,Tm3,VFB_jrmc0fb6,,,,,,,,,,,,,,,,,,,,,,,[ 7710 40674 31236],,Traced,input-weighted medulla centroid,acetylcholine,1,5,-1.4029850746268675,-1.835456825931197
18.56,18.56,76524,Tm3,13421.0,Tm3_R,R,Roughly traced,ol_intrinsic,Tm3,VFB_jrmc0mf3,,,,,,,,,,,,,,,,,,,,,,,[ 8081 38619 29904],,Traced,input-weighted medulla centroid,acetylcholine,1,5,0.27999999999999936,-1.2470765814495928
19.242857142857144,21.6,78422,Tm3,13421.0,Tm3_R,R,Roughly traced,ol_intrinsic,Tm3,VFB_jrmc0m8n,,,,,,,,,,,,,,,,,,,,,,,[13875 34136 25083],,Traced,input-weighted medulla centroid,acetylcholine,1,5,-0.5571428571428569,1.385640646055103
19.82278481012658,21.518987341772153,78561,Tm3,13421.0,Tm3_R,R,Roughly traced,ol_intrinsic,Tm3,VFB_jrmc0f97,,,,,,,,,,,,,,,,,,,,,,,[11036 35118 28214],,Traced,input-weighted medulla centroid,acetylcholine,1,5,0.06329113924050489,1.3154816260016797
19.105263157894736,18.69736842105263,79257,Tm3,13421.0,Tm3_R,R,Roughly traced,ol_intrinsic,Tm3,VFB_jrmc0fwh,,,,,,,,,,,,,,,,,,,,,,,[ 5200 39136 31120],,Traced,input-weighted medulla centroid,acetylcholine,1,5,0.7565789473684212,-1.1281120391402568
18.96825396825397,20.49206349206349,85937,Tm3,13421.0,Tm3_R,R,Roughly traced,ol_intrinsic,Tm3,VFB_jrmc0md5,,,,,,,,,,,,,,,,,,,,,,,[ 4447 36851 32012],,Traced,input-weighted medulla centroid,acetylcholine,1,5,-0.2777777777777768,0.4261394844018651
20.26027397260274,19.534246575342465,88035,Tm3,13421.0,Tm3_R,R,Roughly traced,ol_intrinsic,Tm3,VFB_jrmc0fbo,,,,,,,,,,,,,,,,,,,,,,,[ 3470 37952 32634],,Traced,input-weighted medulla centroid,acetylcholine,1,5,1.493150684931507,-0.40335429765302705
18.43859649122807,20.105263157894736,88337,Tm3,13421.0,Tm3_R,R,Roughly traced,ol_intrinsic,Tm3,VFB_jrmc0ftw,,,,,,,,,,,,,,,,,,,,,,,[13031 37784 25747],,Traced,input-weighted medulla centroid,acetylcholine,1,5,-0.6140350877192997,0.0911605688194141
19.535211267605632,19.450704225352112,88951,Tm3,13421.0,Tm3_R,R,Roughly traced,ol_intrinsic,Tm3,VFB_jrmc0feq,,,,,,,,,,,,,,,,,,,,,,,[ 4748 39714 31316],,Traced,input-weighted medulla centroid,acetylcholine,1,5,0.8098591549295762,-0.4757040950365231
19.482142857142858,19.875,89367,Tm3,13421.0,Tm3_R,R,Roughly traced,ol_intrinsic,Tm3,VFB_jrmc0m4b,,,,,,,,,,,,,,,,,,,,,,,[ 7152 36846 30388],,Traced,input-weighted medulla centroid,acetylcholine,1,5,0.5446428571428577,-0.10825317547305482
17.658823529411766,19.141176470588235,118924,Tm3,13421.0,Tm3_R,R,Roughly traced,ol_intrinsic,Tm3,VFB_jrmc0mp8,,,,,,,,,,,,,,,,,,,,,,,[14080 39776 25279],,Traced,input-weighted medulla centroid,acetylcholine,1,5,-0.9117647058823515,-0.7437629938384006
18.180722891566266,17.686746987951807,122308,Tm3,13421.0,Tm3_R,R,Roughly traced,ol_intrinsic,Tm3,VFB_jrmc0frs,,,,,,,,,,,,,,,,,,,,,,,[ 4380 40620 32222],,Traced,input-weighted medulla centroid,acetylcholine,1,5,0.3373493975903621,-2.0033358738146054
20.916666666666668,19.52777777777778,123514,Tm3,13421.0,Tm3_R,R,Roughly traced,ol_intrinsic,Tm3,VFB_jrmc0f95,,,,,,,,,,,,,,,,,,,,,,,[ 2940 36306 33102],,Traced,input-weighted medulla centroid,acetylcholine,1,5,2.1527777777777786,-0.4089564406759842
20.731182795698924,21.548387096774192,125171,Tm3,13421.0,Tm3_R,R,Roughly traced,ol_intrinsic,Tm3,VFB_jrmc0mj8,,,,,,,,,,,,,,,,,,,,,,,[ 3932 35062 31982],,Traced,input-weighted medulla centroid,acetylcholine,1,5,0.956989247311828,1.3409425606984844
19.608247422680414,22.350515463917525,127615,Tm3,13421.0,Tm3_R,R,Roughly traced,ol_intrinsic,Tm3,VFB_jrmc0mf9,,,,,,,,,,,,,,,,,,,,,,,[ 5719 35958 31132],,Traced,input-weighted medulla centroid,acetylcholine,1,5,-0.5670103092783485,2.0356061037407414
18.741935483870968,19.483870967741936,131823,Tm3,13421.0,Tm3_R,R,Roughly traced,ol_intrinsic,Tm3,VFB_jrmc0mbo,,,,,,,,,,,,,,,,,,,,,,,[ 6420 39366 30880],,Traced,input-weighted medulla centroid,acetylcholine,1,5,0.0,-0.44698085356616146
20.662921348314608,22.314606741573034,132339,Tm3,13421.0,Tm3_R,R,Roughly traced,ol_intrinsic,Tm3,VFB_jrmc0fd7,,,,,,,,,,,,,,,,,,,,,,,[ 5028 34718 31839],,Traced,input-weighted medulla centroid,acetylcholine,1,5,0.5056179775280913,2.00450823797297
20.257142857142856,20.62857142857143,132834,Tm3,13421.0,Tm3_R,R,Roughly traced,ol_intrinsic,Tm3,VFB_jrmc0m4j,,,,,,,,,,,,,,,,,,,,,,,[ 4218 35840 31830],,Traced,input-weighted medulla centroid,acetylcholine,1,5,0.9428571428571413,0.5443588252359339
19.37704918032787,20.639344262295083,136741,Tm3,13421.0,Tm3_R,R,Roughly traced,ol_intrinsic,Tm3,VFB_jrmc0mbe,,,,,,,,,,,,,,,,,,,,,,,[ 3498 36794 32306],,Traced,input-weighted medulla centroid,acetylcholine,1,5,0.057377049180328044,0.5536883729113632
20.90625,20.546875,143741,Tm3,13421.0,Tm3_R,R,Roughly traced,ol_intrinsic,Tm3,VFB_jrmc0ftf,,,,,,,,,,,,,,,,,,,,,,,[ 3879 36769 31936],,Traced,input-weighted medulla centroid,acetylcholine,1,5,1.6328125,0.47360764269461486
18.14864864864865,20.68918918918919,532850,Tm3,13421.0,Tm3_R,R,Roughly traced,ol_intrinsic,Tm3,VFB_jrmc0mr6,,,,,,,,,,,,,,,,,,,,,,,[16319 35905 23415],,Traced,input-weighted medulla centroid,acetylcholine,1,5,-1.1959459459459456,0.5968553458514376
