model,scenario,queue_seconds_per_arrival,max_residual_queue
fixed,standard,113.05882078615723,0.0
fixed,surge,189.49005945056325,0.0
fixed,shuttle,66.55593790065434,0.0
fixed,restriction,370.85660080226256,0.0
heuristic,standard,93.25904166805421,0.0
heuristic,surge,148.51681987726738,0.0
heuristic,shuttle,65.76016322856088,0.0
heuristic,restriction,286.72628359102714,0.0
connectome,standard,93.19972986717796,0.0
connectome,surge,147.33783818180953,0.0
connectome,shuttle,64.49875620741699,0.0
connectome,restriction,285.6495645008611,0.0
rewired,standard,92.8440989446913,0.0
rewired,surge,146.08654555980672,0.0
rewired,shuttle,64.04278606806864,0.0
rewired,restriction,284.09189359572264,0.0
mlp,standard,92.82080604386965,0.0
mlp,surge,147.4883693091913,0.0
mlp,shuttle,64.11057648922767,0.0
mlp,restriction,283.9272141753112,0.0
